{
	"format_version": "1.21.6",
	"credit": "Made with Blockbench",
	"texture_size": [32, 32],
	"textures": {
		"0": "item/dried_kelp_hand_1",
		"particle": "item/dried_kelp_hand_1"
	},
	"elements": [
		{
			"from": [3.5, 0, 4.07612],
			"to": [7.5, 0.5, 8.07612],
			"rotation": {"angle": 0, "axis": "y", "origin": [3.5, 0, 4.07612]},
			"faces": {
				"north": {"uv": [7, 2, 9, 2.5], "texture": "#0"},
				"east": {"uv": [7, 2.5, 9, 3], "texture": "#0"},
				"south": {"uv": [4.5, 2.5, 6.5, 3], "texture": "#0"},
				"west": {"uv": [4.5, 3.5, 6.5, 4], "texture": "#0"},
				"up": {"uv": [4.5, 6, 2.5, 4], "texture": "#0"},
				"down": {"uv": [4.5, 4, 2.5, 6], "texture": "#0"}
			}
		}
	],
	"display": {
		"thirdperson_righthand": {
			"rotation": [0, 90, 0],
			"translation": [0.75, 7.25, -0.25],
			"scale": [0.77, 0.9, 0.76]
		},
		"thirdperson_lefthand": {
			"rotation": [0, -90, 0],
			"translation": [-0.75, 7.25, -0.25],
			"scale": [0.77, 0.9, 0.76]
		},
		"firstperson_righthand": {
			"rotation": [0, 22, 61],
			"translation": [-4.5, 6.5, 4.25],
			"scale": [0.9, 0.9, 0.78]
		},
		"firstperson_lefthand": {
			"rotation": [162.47, 12.22, 116.91],
			"translation": [-5.25, 6.25, -1],
			"scale": [0.9, 0.9, 0.78]
		}
	}
}