{
	"format_version": "1.21.6",
	"credit": "Made with Blockbench",
	"textures": {
		"1": "item/bread_hand"
	},
	"elements": [
		{
			"from": [6, 0, 3.5],
			"to": [10, 3, 5.5],
			"rotation": {"angle": 0, "axis": "y", "origin": [8, 1.5, 7.5]},
			"faces": {
				"north": {"uv": [8, 0, 12, 3], "texture": "#1"},
				"east": {"uv": [6, 8, 8, 11], "texture": "#1"},
				"south": {"uv": [8, 3, 12, 6], "texture": "#1"},
				"west": {"uv": [8, 8, 6, 11], "texture": "#1"},
				"up": {"uv": [4, 8, 0, 6], "texture": "#1"},
				"down": {"uv": [8, 6, 4, 8], "texture": "#1"}
			}
		}
	],
	"display": {
		"thirdperson_righthand": {
			"translation": [0, 5.9, 1.75],
			"scale": [0.8, 0.74, 0.65]
		},
		"thirdperson_lefthand": {
			"translation": [0, 5.9, 1.75],
			"scale": [0.8, 0.74, 0.65]
		},
		"firstperson_righthand": {
			"rotation": [-77.75, -73.9, -68.84],
			"translation": [1.25, 10, 0.5],
			"scale": [0.87, 0.78, 0.73]
		},
		"firstperson_lefthand": {
			"rotation": [-77.75, -73.9, -68.84],
			"translation": [1.25, 10, 0.5],
			"scale": [0.87, 0.78, 0.73]
		}
	}
}