{
	"credit": "Made with Blockbench",
	"texture_size": [32, 32],
	"textures": {
		"0": "block/pumpkin_pie",
		"particle": "block/pumpkin_pie"
	},
	"elements": [
		{
			"from": [1, 0, 8],
			"to": [6, 4, 15],
			"rotation": {"angle": 0, "axis": "y", "origin": [1, 0, 4]},
			"faces": {
				"north": {"uv": [8, 7, 10.5, 9], "texture": "#0"},
				"east": {"uv": [0, 0, 0, 0], "texture": "#0"},
				"south": {"uv": [7, 9, 9.5, 11], "texture": "#0"},
				"west": {"uv": [10.5, 7, 14, 9], "texture": "#0"},
				"up": {"uv": [7, 3.5, 4.5, 0], "texture": "#0"},
				"down": {"uv": [7, 0, 9.5, 3.5], "texture": "#0"}
			}
		},
		{
			"from": [8, 0, 1],
			"to": [15, 4, 6],
			"rotation": {"angle": 0, "axis": "y", "origin": [4, 0, 1]},
			"faces": {
				"north": {"uv": [0, 7, 3.5, 9], "texture": "#0"},
				"east": {"uv": [4.5, 9, 7, 11], "texture": "#0"},
				"south": {"uv": [0, 0, 0, 0], "texture": "#0"},
				"west": {"uv": [3.5, 7, 6, 9], "texture": "#0"},
				"up": {"uv": [3.5, 7, 0, 4.5], "texture": "#0"},
				"down": {"uv": [10.5, 4.5, 14, 7], "texture": "#0"}
			}
		},
		{
			"from": [6, 0, 6],
			"to": [15, 4, 15],
			"rotation": {"angle": 0, "axis": "y", "origin": [3, 0, 3]},
			"faces": {
				"north": {"uv": [0, 11, 4.5, 13], "texture": "#0"},
				"east": {"uv": [0, 9, 4.5, 11], "texture": "#0"},
				"south": {"uv": [9.5, 9, 14, 11], "texture": "#0"},
				"west": {"uv": [4.5, 11, 9, 13], "texture": "#0"},
				"up": {"uv": [4.5, 4.5, 0, 0], "texture": "#0"},
				"down": {"uv": [9.5, 0, 14, 4.5], "texture": "#0"}
			}
		},
		{
			"from": [4, 0, 7],
			"to": [6, 4, 8],
			"rotation": {"angle": 0, "axis": "y", "origin": [3, 0, 6]},
			"faces": {
				"north": {"uv": [8, 7, 9, 9], "texture": "#0"},
				"east": {"uv": [0, 0, 0, 0], "texture": "#0"},
				"south": {"uv": [0, 0, 0, 0], "texture": "#0"},
				"west": {"uv": [8.5, 7, 9, 9], "texture": "#0"},
				"up": {"uv": [5.5, 3.5, 4.5, 4], "texture": "#0"},
				"down": {"uv": [9, 3.5, 10, 4], "texture": "#0"}
			}
		},
		{
			"from": [7, 0, 4],
			"to": [8, 4, 6],
			"rotation": {"angle": 0, "axis": "y", "origin": [6, 0, 4]},
			"faces": {
				"north": {"uv": [5, 7, 5.5, 9], "texture": "#0"},
				"east": {"uv": [0, 0, 0, 0], "texture": "#0"},
				"south": {"uv": [0, 0, 0, 0], "texture": "#0"},
				"west": {"uv": [5, 7, 6, 9], "texture": "#0"},
				"up": {"uv": [3.5, 5.5, 4, 4.5], "texture": "#0"},
				"down": {"uv": [10, 4.5, 10.5, 5.5], "texture": "#0"}
			}
		}
	],
	"display": {
		"head": {
			"rotation": [0, 15, 0],
			"translation": [-0.5, 14.5, 0]
		},
		"fixed": {
			"rotation": [-90, 90, 0],
			"translation": [0, 0, -16],
			"scale": [2, 2, 2]
		}
	}
}