{
	"format_version": "1.21.6",
	"credit": "Made with Blockbench",
	"textures": {
		"1": "item/chicken_hand",
		"particle": "item/chicken_hand"
	},
	"elements": [
		{
			"name": "body",
			"from": [5.5, 0, 6.10918],
			"to": [10.5, 5, 13.10918],
			"rotation": {"angle": 0, "axis": "y", "origin": [7.5, 3, 17.10918]},
			"faces": {
				"north": {"uv": [7, 0, 12, 5], "texture": "#1"},
				"east": {"uv": [7, 0, 0, 5], "texture": "#1"},
				"south": {"uv": [10, 5, 15, 10], "texture": "#1"},
				"west": {"uv": [0, 0, 7, 5], "texture": "#1"},
				"up": {"uv": [5, 12, 0, 5], "texture": "#1"},
				"down": {"uv": [10, 5, 5, 12], "texture": "#1"}
			}
		},
		{
			"name": "wing1",
			"from": [4.5, 2.8, 5.00918],
			"to": [5.5, 5.8, 9.00918],
			"rotation": {"angle": 22.5, "axis": "x", "origin": [8.5, 4.8, 6.50918]},
			"faces": {
				"north": {"uv": [4, 12, 5, 15], "texture": "#1"},
				"east": {"uv": [14, 10, 10, 13], "texture": "#1"},
				"south": {"uv": [5, 12, 6, 15], "texture": "#1"},
				"west": {"uv": [10, 10, 14, 13], "texture": "#1"},
				"up": {"uv": [4, 16, 3, 12], "texture": "#1"},
				"down": {"uv": [14, 12, 15, 16], "texture": "#1"}
			}
		},
		{
			"name": "wing1",
			"from": [10.5, 4.8, 3.00918],
			"to": [10.5, 5.8, 5.00918],
			"rotation": {"angle": 22.5, "axis": "x", "origin": [13.5, 4.8, 6.50918]},
			"faces": {
				"north": {"uv": [0, 0, 0, 1], "texture": "#1"},
				"east": {"uv": [10, 12, 8, 13], "texture": "#1"},
				"south": {"uv": [0, 0, 0, 1], "texture": "#1"},
				"west": {"uv": [8, 12, 10, 13], "texture": "#1"},
				"up": {"uv": [0, 2, 0, 0], "texture": "#1"},
				"down": {"uv": [0, 0, 0, 2], "texture": "#1"}
			}
		},
		{
			"name": "wing1",
			"from": [10.5, 2.8, 5.00918],
			"to": [11.5, 5.8, 9.00918],
			"rotation": {"angle": 22.5, "axis": "x", "origin": [14.5, 4.8, 6.50918]},
			"faces": {
				"north": {"uv": [4, 12, 5, 15], "texture": "#1"},
				"east": {"uv": [14, 10, 10, 13], "texture": "#1"},
				"south": {"uv": [5, 12, 6, 15], "texture": "#1"},
				"west": {"uv": [10, 10, 14, 13], "texture": "#1"},
				"up": {"uv": [4, 16, 3, 12], "texture": "#1"},
				"down": {"uv": [14, 12, 15, 16], "texture": "#1"}
			}
		},
		{
			"name": "wing1",
			"from": [5.5, 4.8, 3.00918],
			"to": [5.5, 5.8, 5.00918],
			"rotation": {"angle": 22.5, "axis": "x", "origin": [8.5, 4.8, 6.50918]},
			"faces": {
				"north": {"uv": [0, 0, 0, 1], "texture": "#1"},
				"east": {"uv": [10, 12, 8, 13], "texture": "#1"},
				"south": {"uv": [0, 0, 0, 1], "texture": "#1"},
				"west": {"uv": [8, 12, 10, 13], "texture": "#1"},
				"up": {"uv": [0, 2, 0, 0], "texture": "#1"},
				"down": {"uv": [0, 0, 0, 2], "texture": "#1"}
			}
		},
		{
			"name": "wing1",
			"from": [4.5, 2, 10.10918],
			"to": [5.5, 4, 13.10918],
			"rotation": {"angle": 0, "axis": "y", "origin": [8.5, 11, 13.10918]},
			"faces": {
				"north": {"uv": [6, 12, 7, 14], "texture": "#1"},
				"east": {"uv": [0, 12, 3, 14], "texture": "#1"},
				"south": {"uv": [7, 12, 8, 14], "texture": "#1"},
				"west": {"uv": [12, 0, 15, 2], "texture": "#1"},
				"up": {"uv": [13, 5, 12, 2], "texture": "#1"},
				"down": {"uv": [13, 2, 14, 5], "texture": "#1"}
			}
		},
		{
			"name": "wing1",
			"from": [10.5, 2, 10.10918],
			"to": [11.5, 4, 13.10918],
			"rotation": {"angle": 0, "axis": "y", "origin": [14.5, 11, 13.10918]},
			"faces": {
				"north": {"uv": [6, 12, 7, 14], "texture": "#1"},
				"east": {"uv": [15, 0, 12, 2], "texture": "#1"},
				"south": {"uv": [7, 12, 8, 14], "texture": "#1"},
				"west": {"uv": [12, 0, 15, 2], "texture": "#1"},
				"up": {"uv": [13, 5, 12, 2], "texture": "#1"},
				"down": {"uv": [13, 2, 14, 5], "texture": "#1"}
			}
		}
	],
	"display": {
		"thirdperson_righthand": {
			"translation": [0, 5.6, 0.75],
			"scale": [0.77, 0.7, 0.7]
		},
		"thirdperson_lefthand": {
			"translation": [0, 5.6, 0.75],
			"scale": [0.77, 0.7, 0.7]
		},
		"firstperson_righthand": {
			"rotation": [-171.4, -42.05, -147.36],
			"translation": [0.5, 9, 1],
			"scale": [0.66, 0.69, 0.58]
		},
		"firstperson_lefthand": {
			"rotation": [-22.14, -29.71, -28.21],
			"translation": [0.25, 9, 0.5],
			"scale": [0.66, 0.69, 0.58]
		}
	}
}