{
	"format_version": "1.21.6",
	"credit": "Made with Blockbench",
	"textures": {
		"1": "item/cookie_hand"
	},
	"elements": [
		{
			"from": [4.5, 0, 4.5],
			"to": [11.5, 2, 8.5],
			"rotation": {"angle": 0, "axis": "y", "origin": [4.5, 0, 4.5]},
			"faces": {
				"north": {"uv": [7, 0, 14, 2], "texture": "#1"},
				"east": {"uv": [10, 2, 14, 4], "texture": "#1"},
				"south": {"uv": [7, 4, 14, 6], "texture": "#1"},
				"west": {"uv": [7, 6, 11, 8], "texture": "#1"},
				"up": {"uv": [7, 7, 0, 3], "texture": "#1"},
				"down": {"uv": [7, 10, 0, 14], "texture": "#1"}
			}
		},
		{
			"from": [8.5, 0, 8.5],
			"to": [11.5, 2, 11.5],
			"rotation": {"angle": 0, "axis": "y", "origin": [4.5, 0, 8.5]},
			"faces": {
				"north": {"uv": [7, 0, 10, 2], "texture": "#1"},
				"east": {"uv": [7, 2, 10, 4], "texture": "#1"},
				"south": {"uv": [11, 4, 14, 6], "texture": "#1"},
				"west": {"uv": [11, 6, 14, 8], "texture": "#1"},
				"up": {"uv": [3, 3, 0, 0], "texture": "#1"},
				"down": {"uv": [3, 7, 0, 10], "texture": "#1"}
			}
		},
		{
			"from": [4.5, 0, 8.5],
			"to": [8.5, 2, 11.5],
			"rotation": {"angle": 0, "axis": "y", "origin": [4.5, 0, 8.5]},
			"faces": {
				"north": {"uv": [7, 0, 14, 2], "texture": "#1"},
				"east": {"uv": [9, 2, 12, 4], "texture": "#1"},
				"south": {"uv": [7, 4, 11, 6], "texture": "#1"},
				"west": {"uv": [11, 6, 14, 8], "texture": "#1"},
				"up": {"uv": [7, 3, 3, 0], "texture": "#1"},
				"down": {"uv": [7, 7, 3, 10], "texture": "#1"}
			}
		}
	],
	"display": {
		"thirdperson_righthand": {
			"translation": [0, 4.65, 1],
			"scale": [0.58, 0.58, 0.58]
		},
		"thirdperson_lefthand": {
			"translation": [0, 4.65, 1],
			"scale": [0.58, 0.58, 0.58]
		},
		"firstperson_righthand": {
			"rotation": [-87.38, -64.1, -77.24],
			"translation": [1.5, 8.75, 0.5],
			"scale": [0.64, 0.63, 0.64]
		},
		"firstperson_lefthand": {
			"rotation": [-87.38, -64.1, -77.24],
			"translation": [1.25, 9, 0.5],
			"scale": [0.64, 0.63, 0.64]
		}
	}
}