{
	"credit": "Made with Blockbench",
	"texture_size": [32, 32],
	"textures": {
		"4": "item/bowl_templates"
	},
	"elements": [
		{
			"from": [4, 1, 4],
			"to": [12, 4, 5],
			"rotation": {"angle": 0, "axis": "y", "origin": [7, 1, 3]},
			"faces": {
				"north": {"uv": [3, 3, 7, 4.5], "texture": "#4"},
				"east": {"uv": [3.5, 6, 4, 7.5], "texture": "#4"},
				"south": {"uv": [3, 4.5, 7, 6], "texture": "#4"},
				"west": {"uv": [3.5, 6, 4, 7.5], "texture": "#4"},
				"up": {"uv": [10, 2, 6, 1.5], "texture": "#4"},
				"down": {"uv": [10, 2, 6, 2.5], "texture": "#4"}
			}
		},
		{
			"from": [4, 1, 11],
			"to": [12, 4, 12],
			"rotation": {"angle": 0, "axis": "y", "origin": [7, 1, 10]},
			"faces": {
				"north": {"uv": [3, 4.5, 7, 6], "texture": "#4"},
				"east": {"uv": [3.5, 6, 4, 7.5], "texture": "#4"},
				"south": {"uv": [3, 3, 7, 4.5], "texture": "#4"},
				"west": {"uv": [3.5, 6, 4, 7.5], "texture": "#4"},
				"up": {"uv": [6, 1.5, 10, 2], "texture": "#4"},
				"down": {"uv": [6, 2, 10, 2.5], "texture": "#4"}
			}
		},
		{
			"from": [4, 1, 5],
			"to": [5, 4, 11],
			"rotation": {"angle": 0, "axis": "y", "origin": [7, 1, 10]},
			"faces": {
				"north": {"uv": [3.5, 6, 4, 7.5], "texture": "#4"},
				"east": {"uv": [0, 6, 3, 7.5], "texture": "#4"},
				"south": {"uv": [3.5, 6, 4, 7.5], "texture": "#4"},
				"west": {"uv": [6, 0, 9, 1.5], "texture": "#4"},
				"up": {"uv": [3.5, 9, 3, 6], "texture": "#4"},
				"down": {"uv": [6, 2, 10, 2.5], "texture": "#4"}
			}
		},
		{
			"from": [11, 1, 5],
			"to": [12, 4, 11],
			"rotation": {"angle": 0, "axis": "y", "origin": [14, 1, 10]},
			"faces": {
				"north": {"uv": [3.5, 6, 4, 7.5], "texture": "#4"},
				"east": {"uv": [6, 0, 9, 1.5], "texture": "#4"},
				"south": {"uv": [3.5, 6, 4, 7.5], "texture": "#4"},
				"west": {"uv": [0, 6, 3, 7.5], "texture": "#4"},
				"up": {"uv": [3.5, 9, 3, 6], "texture": "#4"},
				"down": {"uv": [6, 2, 10, 2.5], "texture": "#4"}
			}
		},
		{
			"from": [5, 0, 5],
			"to": [11, 1, 11],
			"rotation": {"angle": 0, "axis": "y", "origin": [5, 0, 5]},
			"faces": {
				"north": {"uv": [6, 2.5, 9, 3], "texture": "#4"},
				"east": {"uv": [6, 2.5, 9, 3], "texture": "#4"},
				"south": {"uv": [6, 2.5, 9, 3], "texture": "#4"},
				"west": {"uv": [6, 2.5, 9, 3], "texture": "#4"},
				"up": {"uv": [3, 6, 0, 3], "texture": "#4"},
				"down": {"uv": [6, 0, 3, 3], "texture": "#4"}
			}
		},
		{
			"from": [5, 3, 5],
			"to": [11, 3, 11],
			"rotation": {"angle": 0, "axis": "y", "origin": [5, 1, 5]},
			"faces": {
				"north": {"uv": [0, 0, 3, 0], "texture": "#4"},
				"east": {"uv": [0, 0, 3, 0], "texture": "#4"},
				"south": {"uv": [0, 0, 3, 0], "texture": "#4"},
				"west": {"uv": [0, 0, 3, 0], "texture": "#4"},
				"up": {"uv": [13, 9, 10, 6], "texture": "#4"},
				"down": {"uv": [13, 6, 10, 9], "texture": "#4"}
			}
		},
		{
			"from": [7.90157, 1.32096, 4.86272],
			"to": [9.90157, 3.32096, 7.76272],
			"rotation": {"angle": 22.5, "axis": "x", "origin": [8.1, 2.84895, 8.1]},
			"faces": {
				"north": {"uv": [9, 6, 10, 7], "texture": "#4"},
				"east": {"uv": [6, 6, 7.5, 7], "texture": "#4"},
				"south": {"uv": [9, 6, 10, 7], "texture": "#4"},
				"west": {"uv": [6, 6, 7.5, 7], "texture": "#4"},
				"up": {"uv": [7.5, 6, 9, 7], "rotation": 90, "texture": "#4"},
				"down": {"uv": [7.5, 6, 9, 7], "rotation": 270, "texture": "#4"}
			}
		},
		{
			"from": [4.8403, 1.38952, 8.90709],
			"to": [7.8403, 3.38952, 10.90709],
			"rotation": {"angle": -22.5, "axis": "z", "origin": [8.1, 2.84895, 8.1]},
			"faces": {
				"north": {"uv": [6, 6, 7.5, 7], "texture": "#4"},
				"east": {"uv": [9, 6, 10, 7], "rotation": 270, "texture": "#4"},
				"south": {"uv": [6, 6, 7.5, 7], "rotation": 180, "texture": "#4"},
				"west": {"uv": [9, 6, 10, 7], "rotation": 90, "texture": "#4"},
				"up": {"uv": [7.5, 6, 9, 7], "rotation": 180, "texture": "#4"},
				"down": {"uv": [7.5, 6, 9, 7], "texture": "#4"}
			}
		},
		{
			"from": [5.30157, 1.6, 5.90709],
			"to": [7.30157, 3.6, 7.90709],
			"rotation": {"angle": 0, "axis": "y", "origin": [8.1, 2.84895, 8.1]},
			"faces": {
				"north": {"uv": [9, 7, 10, 8], "texture": "#4"},
				"east": {"uv": [9, 7, 10, 8], "rotation": 270, "texture": "#4"},
				"south": {"uv": [9, 7, 10, 8], "rotation": 180, "texture": "#4"},
				"west": {"uv": [9, 7, 10, 8], "rotation": 90, "texture": "#4"},
				"up": {"uv": [9, 7, 10, 8], "rotation": 180, "texture": "#4"},
				"down": {"uv": [9, 7, 10, 8], "texture": "#4"}
			}
		},
		{
			"from": [8.90157, 1.6, 8.00709],
			"to": [10.90157, 3.6, 10.00709],
			"rotation": {"angle": 0, "axis": "y", "origin": [8.1, 2.84895, 8.1]},
			"faces": {
				"north": {"uv": [9, 7, 10, 8], "texture": "#4"},
				"east": {"uv": [9, 7, 10, 8], "rotation": 270, "texture": "#4"},
				"south": {"uv": [9, 7, 10, 8], "rotation": 180, "texture": "#4"},
				"west": {"uv": [9, 7, 10, 8], "rotation": 90, "texture": "#4"},
				"up": {"uv": [9, 7, 10, 8], "rotation": 180, "texture": "#4"},
				"down": {"uv": [9, 7, 10, 8], "texture": "#4"}
			}
		},
		{
			"from": [9.3, 4.35, 6.8],
			"to": [10.3, 4.35, 7.8],
			"rotation": {"angle": 22.5, "axis": "x", "origin": [8.3, 4.35, 5.8]},
			"faces": {
				"north": {"uv": [0, 0, 0.5, 0], "texture": "#4"},
				"east": {"uv": [0, 0, 0.5, 0], "texture": "#4"},
				"south": {"uv": [0, 0, 0.5, 0], "texture": "#4"},
				"west": {"uv": [0, 0, 0.5, 0], "texture": "#4"},
				"up": {"uv": [8, 7, 8.5, 7.5], "texture": "#4"},
				"down": {"uv": [8, 7, 8.5, 7.5], "texture": "#4"}
			}
		},
		{
			"from": [9.1, 3.65, 9.1],
			"to": [10.1, 3.65, 10.1],
			"rotation": {"angle": 0, "axis": "y", "origin": [8.1, 3.65, 8.1]},
			"faces": {
				"north": {"uv": [0, 0, 0.5, 0], "texture": "#4"},
				"east": {"uv": [0, 0, 0.5, 0], "texture": "#4"},
				"south": {"uv": [0, 0, 0.5, 0], "texture": "#4"},
				"west": {"uv": [0, 0, 0.5, 0], "texture": "#4"},
				"up": {"uv": [8, 7, 8.5, 7.5], "texture": "#4"},
				"down": {"uv": [8, 7, 8.5, 7.5], "texture": "#4"}
			}
		},
		{
			"from": [5.5, 4.25, 6.4],
			"to": [6.5, 4.25, 7.4],
			"rotation": {"angle": -22.5, "axis": "z", "origin": [4.5, 4.25, 5.4]},
			"faces": {
				"north": {"uv": [0, 0, 0.5, 0], "texture": "#4"},
				"east": {"uv": [0, 0, 0.5, 0], "texture": "#4"},
				"south": {"uv": [0, 0, 0.5, 0], "texture": "#4"},
				"west": {"uv": [0, 0, 0.5, 0], "texture": "#4"},
				"up": {"uv": [8, 7, 8.5, 7.5], "texture": "#4"},
				"down": {"uv": [8, 7, 8.5, 7.5], "texture": "#4"}
			}
		},
		{
			"from": [5.5, 3.25, 10.925],
			"to": [6.5, 4.25, 10.925],
			"rotation": {"angle": 0, "axis": "y", "origin": [4.5, 2.25, 10.925]},
			"faces": {
				"north": {"uv": [8, 7, 8.5, 7.5], "rotation": 180, "texture": "#4"},
				"east": {"uv": [0, 0, 0.5, 0], "rotation": 90, "texture": "#4"},
				"south": {"uv": [8, 7, 8.5, 7.5], "texture": "#4"},
				"west": {"uv": [0, 0, 0.5, 0], "rotation": 270, "texture": "#4"},
				"up": {"uv": [0, 0, 0.5, 0], "texture": "#4"},
				"down": {"uv": [0, 0, 0.5, 0], "rotation": 180, "texture": "#4"}
			}
		}
	],
	"display": {
		"thirdperson_righthand": {
			"rotation": [67, 0, 0],
			"translation": [0, 2.25, 2],
			"scale": [0.63, 0.63, 0.63]
		},
		"thirdperson_lefthand": {
			"rotation": [67, 0, 0],
			"translation": [0, 2.25, 2],
			"scale": [0.63, 0.63, 0.63]
		},
		"firstperson_righthand": {
			"rotation": [68.63, -74.71, 78.92],
			"translation": [0.25, 7.5, 0.75],
			"scale": [0.66, 0.68, 0.58]
		},
		"firstperson_lefthand": {
			"rotation": [68.63, -74.71, 78.92],
			"translation": [0.25, 7.5, 0.75],
			"scale": [0.66, 0.68, 0.58]
		}
	},
	"groups": [
		0,
		1,
		2,
		3,
		4,
		{
			"name": "rabbit stew food",
			"origin": [4.5, 2.25, 10.925],
			"color": 0,
			"children": [5, 6, 7, 8, 9, 10, 11, 12, 13]
		}
	]
}