{
	"format_version": "1.21.6",
	"credit": "Made with Blockbench",
	"textures": {
		"2": "item/melon_slice_hand",
		"particle": "item/melon_slice_hand"
	},
	"elements": [
		{
			"from": [4.5, 0, 7],
			"to": [11.5, 1, 9],
			"rotation": {"angle": -45, "axis": "z", "origin": [8, 3.5, 8]},
			"faces": {
				"north": {"uv": [6, 0, 7, 7], "rotation": 90, "texture": "#2"},
				"east": {"uv": [2, 13, 0, 14], "texture": "#2"},
				"south": {"uv": [7, 0, 6, 7], "rotation": 270, "texture": "#2"},
				"west": {"uv": [6, 14, 4, 13], "rotation": 180, "texture": "#2"},
				"up": {"uv": [6, 7, 8, 14], "rotation": 270, "texture": "#2"},
				"down": {"uv": [0, 7, 2, 14], "rotation": 270, "texture": "#2"}
			}
		},
		{
			"from": [4.5, 1, 7],
			"to": [7.5, 4, 9],
			"rotation": {"angle": -45, "axis": "z", "origin": [8, 3.5, 8]},
			"faces": {
				"north": {"uv": [3, 0, 6, 3], "rotation": 90, "texture": "#2"},
				"east": {"uv": [2, 10, 0, 13], "texture": "#2"},
				"south": {"uv": [6, 0, 3, 3], "rotation": 270, "texture": "#2"},
				"west": {"uv": [6, 13, 4, 10], "rotation": 180, "texture": "#2"},
				"up": {"uv": [3, 0, 4, 3], "rotation": 270, "texture": "#2"},
				"down": {"uv": [0, 7, 2, 10], "rotation": 270, "texture": "#2"}
			}
		},
		{
			"from": [7.5, 1, 7],
			"to": [10.5, 4, 9],
			"rotation": {"angle": -45, "axis": "z", "origin": [8, 3.5, 8]},
			"faces": {
				"north": {"uv": [3, 3, 6, 6], "rotation": 90, "texture": "#2"},
				"east": {"uv": [2, 10, 0, 13], "texture": "#2"},
				"south": {"uv": [6, 3, 3, 6], "rotation": 270, "texture": "#2"},
				"west": {"uv": [6, 4, 3, 3], "rotation": 270, "texture": "#2"},
				"up": {"uv": [3, 3, 4, 6], "rotation": 90, "texture": "#2"},
				"down": {"uv": [0, 10, 2, 13], "rotation": 270, "texture": "#2"}
			}
		},
		{
			"from": [4.5, 4, 7],
			"to": [7.5, 7, 9],
			"rotation": {"angle": -45, "axis": "z", "origin": [8, 3.5, 8]},
			"faces": {
				"north": {"uv": [0, 0, 3, 3], "rotation": 90, "texture": "#2"},
				"east": {"uv": [2, 7, 0, 10], "texture": "#2"},
				"south": {"uv": [3, 0, 0, 3], "rotation": 270, "texture": "#2"},
				"west": {"uv": [6, 10, 4, 7], "rotation": 180, "texture": "#2"},
				"up": {"uv": [2, 7, 4, 10], "rotation": 270, "texture": "#2"},
				"down": {"uv": [2, 7, 4, 10], "rotation": 270, "texture": "#2"}
			}
		},
		{
			"from": [7.5, 4, 7],
			"to": [10.5, 7, 9],
			"rotation": {"angle": -45, "axis": "z", "origin": [8, 3.5, 8]},
			"faces": {
				"north": {"uv": [0, 3, 3, 6], "rotation": 90, "texture": "#2"},
				"east": {"uv": [2, 7, 0, 10], "texture": "#2"},
				"south": {"uv": [3, 3, 0, 6], "rotation": 270, "texture": "#2"},
				"west": {"uv": [0, 4, 3, 3], "rotation": 90, "texture": "#2"},
				"up": {"uv": [2, 10, 4, 13], "rotation": 270, "texture": "#2"},
				"down": {"uv": [2, 10, 4, 13], "rotation": 270, "texture": "#2"}
			}
		},
		{
			"from": [10.5, 1, 7],
			"to": [11.5, 7, 9],
			"rotation": {"angle": -45, "axis": "z", "origin": [8, 3.5, 8]},
			"faces": {
				"north": {"uv": [0, 6, 6, 7], "rotation": 90, "texture": "#2"},
				"east": {"uv": [2, 7, 0, 13], "texture": "#2"},
				"south": {"uv": [6, 6, 0, 7], "rotation": 270, "texture": "#2"},
				"west": {"uv": [8, 13, 6, 7], "rotation": 180, "texture": "#2"},
				"up": {"uv": [2, 13, 4, 14], "rotation": 270, "texture": "#2"},
				"down": {"uv": [0, 13, 2, 14], "rotation": 270, "texture": "#2"}
			}
		}
	],
	"display": {
		"thirdperson_righthand": {
			"translation": [0, 4, 1],
			"scale": [0.55, 0.55, 0.64]
		},
		"thirdperson_lefthand": {
			"translation": [0, 4, 1],
			"scale": [0.55, 0.55, 0.64]
		},
		"firstperson_righthand": {
			"rotation": [-72.72, -81.52, -62.86],
			"translation": [-1.75, 9.5, 0.75],
			"scale": [0.62, 0.5, 0.62]
		},
		"firstperson_lefthand": {
			"rotation": [-72.72, -81.52, -62.86],
			"translation": [-1.75, 9.5, 0.75],
			"scale": [0.62, 0.5, 0.62]
		}
	}
}