{
	"format_version": "1.21.6",
	"credit": "Made with Blockbench",
	"textures": {
		"3": "item/beetroot_hand"
	},
	"elements": [
		{
			"from": [5.5, 6, 5.5],
			"to": [10.5, 9, 10.5],
			"rotation": {"angle": 0, "axis": "y", "origin": [5.5, 5, 5.5]},
			"faces": {
				"north": {"uv": [0, 0, 5, 3], "texture": "#3"},
				"east": {"uv": [0, 0, 5, 3], "texture": "#3"},
				"south": {"uv": [0, 0, 5, 3], "texture": "#3"},
				"west": {"uv": [0, 0, 5, 3], "texture": "#3"},
				"up": {"uv": [5, 10, 0, 5], "texture": "#3"},
				"down": {"uv": [15, 0, 10, 5], "texture": "#3"}
			}
		},
		{
			"from": [6.41, 8.12698, 8.06625],
			"to": [9.59, 13.42698, 8.06625],
			"rotation": {"angle": 22.5, "axis": "z", "origin": [6.41, 8.12698, 5.94625]},
			"faces": {
				"north": {"uv": [5, 5, 8, 10], "texture": "#3"},
				"east": {"uv": [0, 0, 0, 3], "texture": "#3"},
				"south": {"uv": [8, 5, 5, 10], "texture": "#3"},
				"west": {"uv": [0, 0, 0, 3], "texture": "#3"},
				"up": {"uv": [3, 0, 0, 0], "texture": "#3"},
				"down": {"uv": [3, 0, 0, 0], "texture": "#3"}
			}
		},
		{
			"from": [6.41, 8.12698, 7.93375],
			"to": [9.59, 13.42698, 7.93375],
			"rotation": {"angle": -22.5, "axis": "z", "origin": [9.59, 8.12698, 5.81375]},
			"faces": {
				"north": {"uv": [11, 5, 8, 10], "texture": "#3"},
				"east": {"uv": [0, 0, 0, 3], "texture": "#3"},
				"south": {"uv": [8, 5, 11, 10], "texture": "#3"},
				"west": {"uv": [0, 0, 0, 3], "texture": "#3"},
				"up": {"uv": [0, 0, 3, 0], "texture": "#3"},
				"down": {"uv": [0, 0, 3, 0], "texture": "#3"}
			}
		}
	],
	"display": {
		"thirdperson_righthand": {
			"rotation": [-90, 0, 0],
			"translation": [0, 1.8, 0.5],
			"scale": [0.72, 0.72, 0.72]
		},
		"thirdperson_lefthand": {
			"rotation": [-90, 0, 0],
			"translation": [0, 1.8, 0.5],
			"scale": [0.72, 0.72, 0.72]
		},
		"firstperson_righthand": {
			"rotation": [-92.08, -22.25, -83.71],
			"translation": [2, 3.5, 1.25],
			"scale": [0.79, 0.79, 0.79]
		},
		"firstperson_lefthand": {
			"rotation": [-92.08, -22.25, -83.71],
			"translation": [2, 3.5, 1.25],
			"scale": [0.79, 0.79, 0.79]
		}
	}
}