{
	"format_version": "1.21.6",
	"credit": "Made with Blockbench",
	"textures": {
		"3": "item/glow_berries_hand"
	},
	"elements": [
		{
			"from": [6.23055, 8.06538, 7.56428],
			"to": [10.23055, 8.06538, 10.56428],
			"shade": false,
			"light_emission": 15,
			"rotation": {"angle": -45, "axis": "x", "origin": [7.86633, 5.01496, 7.42664]},
			"faces": {
				"north": {"uv": [4, 0, 0, 0], "texture": "#3"},
				"east": {"uv": [0, 0, 3, 0], "texture": "#3"},
				"south": {"uv": [0, 0, 4, 0], "texture": "#3"},
				"west": {"uv": [0, 0, 3, 0], "texture": "#3"},
				"up": {"uv": [11, 7, 7, 4], "rotation": 180, "texture": "#3"},
				"down": {"uv": [7, 4, 11, 7], "rotation": 180, "texture": "#3"}
			}
		},
		{
			"from": [6.23055, 3.30947, 4.66109],
			"to": [10.23055, 6.30947, 4.66109],
			"shade": false,
			"light_emission": 15,
			"rotation": {"angle": 22.5, "axis": "x", "origin": [7.86633, 5.01496, 7.42664]},
			"faces": {
				"north": {"uv": [8, 7, 12, 10], "texture": "#3"},
				"east": {"uv": [0, 0, 3, 0], "texture": "#3"},
				"south": {"uv": [8, 7, 12, 10], "texture": "#3"},
				"west": {"uv": [0, 0, 3, 0], "texture": "#3"},
				"up": {"uv": [0, 0, 4, 0], "rotation": 180, "texture": "#3"},
				"down": {"uv": [0, 0, 4, 0], "rotation": 180, "texture": "#3"}
			}
		},
		{
			"from": [4.14398, 0, 7.56388],
			"to": [8.14398, 4, 11.56388],
			"shade": false,
			"light_emission": 15,
			"rotation": {"angle": 22.5, "axis": "y", "origin": [7.86633, 4.81496, 7.42664]},
			"faces": {
				"north": {"uv": [0, 7, 4, 11], "texture": "#3"},
				"east": {"uv": [0, 7, 4, 11], "texture": "#3"},
				"south": {"uv": [0, 7, 4, 11], "texture": "#3"},
				"west": {"uv": [0, 7, 4, 11], "texture": "#3"},
				"up": {"uv": [11, 4, 7, 0], "rotation": 90, "texture": "#3"},
				"down": {"uv": [8, 7, 4, 11], "rotation": 270, "texture": "#3"}
			}
		},
		{
			"from": [5.14398, 3, 8.56388],
			"to": [7.14398, 4, 10.56388],
			"shade": false,
			"light_emission": 15,
			"rotation": {"angle": 22.5, "axis": "y", "origin": [7.86633, 4.81496, 7.42664]},
			"faces": {
				"north": {"uv": [5, 8, 7, 9], "texture": "#3"},
				"east": {"uv": [5, 8, 7, 9], "texture": "#3"},
				"south": {"uv": [5, 8, 7, 9], "texture": "#3"},
				"west": {"uv": [5, 8, 7, 9], "texture": "#3"},
				"up": {"uv": [10, 3, 8, 1], "rotation": 90, "texture": "#3"},
				"down": {"uv": [7, 8, 5, 9], "rotation": 270, "texture": "#3"}
			}
		},
		{
			"from": [7.35535, 2, 4.87926],
			"to": [8.35535, 3, 5.87926],
			"shade": false,
			"light_emission": 15,
			"rotation": {"angle": -22.5, "axis": "y", "origin": [7.86633, 4.81496, 7.42664]},
			"faces": {
				"north": {"uv": [3, 13, 4, 14], "texture": "#3"},
				"east": {"uv": [3, 13, 4, 14], "texture": "#3"},
				"south": {"uv": [3, 13, 4, 14], "texture": "#3"},
				"west": {"uv": [3, 13, 4, 14], "texture": "#3"},
				"up": {"uv": [2, 13, 1, 12], "rotation": 90, "texture": "#3"},
				"down": {"uv": [4, 13, 3, 14], "rotation": 270, "texture": "#3"}
			}
		},
		{
			"from": [8.20311, 2, 3.8139],
			"to": [8.20311, 9, 11.1139],
			"shade": false,
			"light_emission": 15,
			"rotation": {"angle": -22.5, "axis": "y", "origin": [7.86633, 4.81496, 7.42664]},
			"faces": {
				"north": {"uv": [0, 0, 0, 7], "texture": "#3"},
				"east": {"uv": [0, 0, 7, 7], "texture": "#3"},
				"south": {"uv": [0, 0, 0, 7], "texture": "#3"},
				"west": {"uv": [7, 0, 0, 7], "texture": "#3"},
				"up": {"uv": [7, 0, 0, 0], "rotation": 90, "texture": "#3"},
				"down": {"uv": [7, 0, 0, 0], "rotation": 270, "texture": "#3"}
			}
		},
		{
			"name": "cube_outline",
			"from": [8.29398, 4.15, 11.71388],
			"to": [3.99398, -0.15, 7.41388],
			"shade": false,
			"light_emission": 15,
			"rotation": {"angle": 22.5, "axis": "y", "origin": [7.86633, 4.81496, 7.42664]},
			"faces": {
				"north": {"uv": [14, 14, 16, 16], "rotation": 180, "texture": "#3"},
				"east": {"uv": [14, 14, 16, 16], "rotation": 180, "texture": "#3"},
				"south": {"uv": [14, 14, 16, 16], "rotation": 180, "texture": "#3"},
				"west": {"uv": [14, 14, 16, 16], "rotation": 180, "texture": "#3"},
				"up": {"uv": [16, 14, 14, 16], "rotation": 180, "texture": "#3"},
				"down": {"uv": [16, 16, 14, 14], "rotation": 180, "texture": "#3"}
			}
		}
	],
	"display": {
		"thirdperson_righthand": {
			"rotation": [0, -90, 0],
			"translation": [-0.25, 5, 1.25],
			"scale": [0.64, 0.64, 0.64]
		},
		"thirdperson_lefthand": {
			"rotation": [0, 90, 0],
			"translation": [-0.25, 5, 1.25],
			"scale": [0.64, 0.64, 0.64]
		},
		"firstperson_righthand": {
			"rotation": [165.78, -0.56, -135.13],
			"translation": [3.25, 8.25, 0.5],
			"scale": [0.8, 0.8, 0.8]
		},
		"firstperson_lefthand": {
			"rotation": [-5.45, 7.02, -42.15],
			"translation": [3.25, 8.5, 0.75],
			"scale": [0.8, 0.8, 0.8]
		}
	}
}