{
	"format_version": "1.21.6",
	"credit": "Made with Blockbench",
	"textures": {
		"1": "item/sweet_berries_hand",
		"particle": "item/sweet_berries_hand"
	},
	"elements": [
		{
			"from": [8, 0.9, 4],
			"to": [8, 6.9, 12],
			"rotation": {"angle": 0, "axis": "y", "origin": [8, 4.05, 7]},
			"faces": {
				"north": {"uv": [0, 0, 0, 6], "texture": "#1"},
				"east": {"uv": [8, 6, 0, 12], "texture": "#1"},
				"south": {"uv": [0, 0, 0, 6], "texture": "#1"},
				"west": {"uv": [0, 6, 8, 12], "texture": "#1"},
				"up": {"uv": [0, 8, 0, 0], "texture": "#1"},
				"down": {"uv": [0, 0, 0, 8], "texture": "#1"}
			}
		}
	],
	"display": {
		"thirdperson_righthand": {
			"translation": [0, 4.5, -1.25],
			"scale": [0.85, 0.85, 0.85]
		},
		"thirdperson_lefthand": {
			"translation": [0, 4.5, -1.25],
			"scale": [0.85, 0.85, 0.85]
		},
		"firstperson_righthand": {
			"rotation": [-8.49, -18.88, -1.69],
			"translation": [0.25, 8.75, 0],
			"scale": [0.86, 0.86, 0.86]
		},
		"firstperson_lefthand": {
			"rotation": [169.02, -27.93, -179.83],
			"translation": [0.25, 9, 1.5],
			"scale": [0.86, 0.86, 0.86]
		}
	}
}