{
	"format_version": "1.21.6",
	"credit": "Made with Blockbench",
	"textures": {
		"0": "item/golden_apple_hand",
		"1": "item/glow_hand",
		"particle": "item/golden_apple_hand"
	},
	"elements": [
		{
			"from": [6.5, 0, 6.5],
			"to": [9.5, 5, 9.5],
			"shade": false,
			"light_emission": 15,
			"rotation": {"angle": 0, "axis": "y", "origin": [6.5, 4, 6.5]},
			"faces": {
				"north": {"uv": [0, 5, 3, 10], "texture": "#0"},
				"east": {"uv": [3, 5, 6, 10], "texture": "#0"},
				"south": {"uv": [6, 5, 9, 10], "texture": "#0"},
				"west": {"uv": [8, 0, 11, 5], "texture": "#0"},
				"up": {"uv": [12, 8, 9, 5], "texture": "#0"},
				"down": {"uv": [12, 8, 9, 11], "texture": "#0"}
			}
		},
		{
			"from": [6.5, 0, 9.5],
			"to": [10.5, 5, 10.5],
			"shade": false,
			"light_emission": 15,
			"rotation": {"angle": 0, "axis": "y", "origin": [6.5, 4, 6.5]},
			"faces": {
				"north": {"uv": [0, 0, 4, 5], "texture": "#0"},
				"east": {"uv": [1, 10, 2, 15], "texture": "#0"},
				"south": {"uv": [4, 0, 8, 5], "texture": "#0"},
				"west": {"uv": [0, 10, 1, 15], "texture": "#0"},
				"up": {"uv": [15, 1, 11, 0], "texture": "#0"},
				"down": {"uv": [15, 1, 11, 2], "texture": "#0"}
			}
		},
		{
			"from": [9.5, 0, 6.5],
			"to": [10.5, 5, 9.5],
			"shade": false,
			"light_emission": 15,
			"rotation": {"angle": 0, "axis": "y", "origin": [6.5, 4, 6.5]},
			"faces": {
				"north": {"uv": [0, 10, 1, 15], "texture": "#0"},
				"east": {"uv": [4, 0, 7, 5], "texture": "#0"},
				"south": {"uv": [0, 10, 1, 15], "texture": "#0"},
				"west": {"uv": [0, 0, 4, 5], "texture": "#0"},
				"up": {"uv": [9, 14, 8, 10], "texture": "#0"},
				"down": {"uv": [10, 11, 9, 15], "texture": "#0"}
			}
		},
		{
			"from": [7.5, 5, 8],
			"to": [9.5, 7, 8.001],
			"shade": false,
			"light_emission": 15,
			"rotation": {"angle": 0, "axis": "y", "origin": [9.5, 5, 8]},
			"faces": {
				"north": {"uv": [4, 10, 2, 12], "texture": "#0"},
				"east": {"uv": [0, 0, 0, 2], "texture": "#0"},
				"south": {"uv": [6, 10, 4, 12], "texture": "#0"},
				"west": {"uv": [0, 0, 0, 2], "texture": "#0"},
				"up": {"uv": [0, 0, 2, 0], "texture": "#0"},
				"down": {"uv": [0, 0, 2, 0], "texture": "#0"}
			}
		},
		{
			"name": "cube_outline",
			"from": [10.65, 5.15, 10.65],
			"to": [6.35, -0.15, 6.35],
			"shade": false,
			"light_emission": 15,
			"rotation": {"angle": 0, "axis": "y", "origin": [6.5, 4, 6.5]},
			"faces": {
				"north": {"uv": [0, 0, 3, 3], "rotation": 180, "texture": "#1"},
				"east": {"uv": [0, 0, 3, 3], "rotation": 180, "texture": "#1"},
				"south": {"uv": [0, 0, 3, 3], "rotation": 180, "texture": "#1"},
				"west": {"uv": [0, 0, 3, 3], "rotation": 180, "texture": "#1"},
				"up": {"uv": [3, 0, 0, 3], "rotation": 180, "texture": "#1"},
				"down": {"uv": [3, 3, 0, 0], "rotation": 180, "texture": "#1"}
			}
		},
		{
			"name": "cube_outline",
			"from": [10.65, 5.15, 10.65],
			"to": [6.35, -0.15, 6.35],
			"shade": false,
			"light_emission": 15,
			"rotation": {"angle": 0, "axis": "y", "origin": [6.5, 4, 6.5]},
			"faces": {
				"north": {"uv": [0, 0, 3, 3], "rotation": 180, "texture": "#1"},
				"east": {"uv": [0, 0, 3, 3], "rotation": 180, "texture": "#1"},
				"south": {"uv": [0, 0, 3, 3], "rotation": 180, "texture": "#1"},
				"west": {"uv": [0, 0, 3, 3], "rotation": 180, "texture": "#1"},
				"up": {"uv": [3, 0, 0, 3], "rotation": 180, "texture": "#1"},
				"down": {"uv": [3, 3, 0, 0], "rotation": 180, "texture": "#1"}
			}
		},
		{
			"name": "cube_outline",
			"from": [9.6, 7.1, 8.1],
			"to": [8.4, 5.9, 7.9],
			"shade": false,
			"light_emission": 15,
			"rotation": {"angle": 0, "axis": "y", "origin": [8.5, 6, 7]},
			"faces": {
				"north": {"uv": [0, 0, 1, 1], "rotation": 180, "texture": "#1"},
				"east": {"uv": [0, 1.25, 1, 3.35], "rotation": 180, "texture": "#1"},
				"south": {"uv": [0, 0, 1, 1], "rotation": 180, "texture": "#1"},
				"west": {"uv": [0, 0, 0, 1], "rotation": 180, "texture": "#1"},
				"up": {"uv": [1, 3.35, 0, 1.25], "rotation": 90, "texture": "#1"},
				"down": {"uv": [0, 0, 1, 0], "rotation": 180, "texture": "#1"}
			}
		},
		{
			"name": "cube_outline",
			"from": [8.6, 6.1, 8.1],
			"to": [7.4, 4.9, 7.9],
			"shade": false,
			"light_emission": 15,
			"rotation": {"angle": 0, "axis": "y", "origin": [7.5, 5, 7]},
			"faces": {
				"north": {"uv": [0, 0, 1, 1], "rotation": 180, "texture": "#1"},
				"east": {"uv": [0, 0, 0, 1], "rotation": 180, "texture": "#1"},
				"south": {"uv": [0, 0, 1, 1], "rotation": 180, "texture": "#1"},
				"west": {"uv": [0, 3.25, 1, 1.725], "rotation": 180, "texture": "#1"},
				"up": {"uv": [0, 0, 1, 0], "rotation": 180, "texture": "#1"},
				"down": {"uv": [0, 1.325, 1, 3.325], "rotation": 90, "texture": "#1"}
			}
		},
		{
			"name": "cube_outline",
			"from": [8.6, 6.1, 8.1],
			"to": [7.4, 4.9, 7.9],
			"shade": false,
			"light_emission": 15,
			"rotation": {"angle": 0, "axis": "y", "origin": [7.5, 5, 7]},
			"faces": {
				"north": {"uv": [0, 0, 1, 1], "rotation": 180, "texture": "#1"},
				"east": {"uv": [0, 0, 0, 1], "rotation": 180, "texture": "#1"},
				"south": {"uv": [0, 0, 1, 1], "rotation": 180, "texture": "#1"},
				"west": {"uv": [0, 3.25, 1, 1.725], "rotation": 180, "texture": "#1"},
				"up": {"uv": [0, 0, 1, 0], "rotation": 180, "texture": "#1"},
				"down": {"uv": [0, 1.325, 1, 3.325], "rotation": 90, "texture": "#1"}
			}
		},
		{
			"name": "cube_outline",
			"from": [9.6, 7.1, 8.1],
			"to": [8.4, 5.9, 7.9],
			"shade": false,
			"light_emission": 15,
			"rotation": {"angle": 0, "axis": "y", "origin": [8.5, 6, 7]},
			"faces": {
				"north": {"uv": [0, 0, 1, 1], "rotation": 180, "texture": "#1"},
				"east": {"uv": [0, 1.25, 1, 3.35], "rotation": 180, "texture": "#1"},
				"south": {"uv": [0, 0, 1, 1], "rotation": 180, "texture": "#1"},
				"west": {"uv": [0, 0, 0, 1], "rotation": 180, "texture": "#1"},
				"up": {"uv": [1, 3.35, 0, 1.25], "rotation": 90, "texture": "#1"},
				"down": {"uv": [0, 0, 1, 0], "rotation": 180, "texture": "#1"}
			}
		}
	],
	"display": {
		"thirdperson_righthand": {
			"rotation": [0, -180, 0],
			"translation": [0, 5.75, 1.5],
			"scale": [0.72, 0.72, 0.72]
		},
		"thirdperson_lefthand": {
			"rotation": [0, -180, 0],
			"translation": [0, 5.75, 1.5],
			"scale": [0.72, 0.72, 0.72]
		},
		"firstperson_righthand": {
			"rotation": [31.34, 58.89, -48.75],
			"translation": [-0.8, 9, 0.75],
			"scale": [0.56, 0.52, 0.56]
		},
		"firstperson_lefthand": {
			"rotation": [148.1, 42.71, -147.15],
			"translation": [-0.8, 9, 0.75],
			"scale": [0.56, 0.52, 0.56]
		}
	}
}