{
	"format_version": "1.21.6",
	"credit": "Made with Blockbench",
	"textures": {
		"1": "item/glow_hand",
		"3": "item/enchanted_apple_default"
	},
	"elements": [
		{
			"from": [7.5, 5, 8],
			"to": [9.5, 7, 8.001],
			"shade": false,
			"light_emission": 15,
			"rotation": {"angle": 0, "axis": "y", "origin": [9.5, 5, 8]},
			"faces": {
				"north": {"uv": [7, 5, 5, 7], "texture": "#3"},
				"east": {"uv": [9, 7, 9, 9], "texture": "#3"},
				"south": {"uv": [7, 7, 5, 9], "texture": "#3"},
				"west": {"uv": [9, 7, 9, 9], "texture": "#3"},
				"up": {"uv": [9, 7, 11, 7], "texture": "#3"},
				"down": {"uv": [11, 7, 9, 7], "texture": "#3"}
			}
		},
		{
			"from": [5.5, 0, 5.5],
			"to": [10.5, 5, 10.5],
			"shade": false,
			"light_emission": 15,
			"rotation": {"angle": 0, "axis": "y", "origin": [5.5, 0, 5.5]},
			"faces": {
				"north": {"uv": [0, 0, 5, 5], "texture": "#3"},
				"east": {"uv": [0, 0, 5, 5], "texture": "#3"},
				"south": {"uv": [0, 0, 5, 5], "texture": "#3"},
				"west": {"uv": [0, 0, 5, 5], "texture": "#3"},
				"up": {"uv": [5, 10, 0, 5], "texture": "#3"},
				"down": {"uv": [10, 0, 5, 5], "texture": "#3"}
			}
		},
		{
			"name": "cube_outline",
			"from": [10.65, 5.15, 10.65],
			"to": [5.35, -0.15, 5.35],
			"shade": false,
			"light_emission": 15,
			"rotation": {"angle": 0, "axis": "y", "origin": [5.5, 0, 5.5]},
			"faces": {
				"north": {"uv": [0, 0, 3, 3], "rotation": 180, "texture": "#1"},
				"east": {"uv": [0, 0, 3, 3], "rotation": 180, "texture": "#1"},
				"south": {"uv": [0, 0, 3, 3], "rotation": 180, "texture": "#1"},
				"west": {"uv": [0, 0, 3, 3], "rotation": 180, "texture": "#1"},
				"up": {"uv": [3, 0, 0, 3], "rotation": 180, "texture": "#1"},
				"down": {"uv": [3, 3, 0, 0], "rotation": 180, "texture": "#1"}
			}
		},
		{
			"name": "cube_outline",
			"from": [10.65, 5.15, 10.65],
			"to": [5.35, -0.15, 5.35],
			"shade": false,
			"light_emission": 15,
			"rotation": {"angle": 0, "axis": "y", "origin": [5.5, 0, 5.5]},
			"faces": {
				"north": {"uv": [0, 0, 3, 3], "rotation": 180, "texture": "#1"},
				"east": {"uv": [0, 0, 3, 3], "rotation": 180, "texture": "#1"},
				"south": {"uv": [0, 0, 3, 3], "rotation": 180, "texture": "#1"},
				"west": {"uv": [0, 0, 3, 3], "rotation": 180, "texture": "#1"},
				"up": {"uv": [3, 0, 0, 3], "rotation": 180, "texture": "#1"},
				"down": {"uv": [3, 3, 0, 0], "rotation": 180, "texture": "#1"}
			}
		},
		{
			"name": "cube_outline",
			"from": [9.6, 7.1, 8.1],
			"to": [8.4, 5.9, 7.9],
			"shade": false,
			"light_emission": 15,
			"rotation": {"angle": 0, "axis": "y", "origin": [8.5, 6, 7]},
			"faces": {
				"north": {"uv": [0, 0, 1, 1], "rotation": 180, "texture": "#1"},
				"east": {"uv": [0, 1.25, 1, 3.35], "rotation": 180, "texture": "#1"},
				"south": {"uv": [0, 0, 1, 1], "rotation": 180, "texture": "#1"},
				"west": {"uv": [0, 0, 0, 1], "rotation": 180, "texture": "#1"},
				"up": {"uv": [1, 3.35, 0, 1.25], "rotation": 90, "texture": "#1"},
				"down": {"uv": [0, 0, 1, 0], "rotation": 180, "texture": "#1"}
			}
		},
		{
			"name": "cube_outline",
			"from": [8.6, 6.1, 8.1],
			"to": [7.4, 4.9, 7.9],
			"shade": false,
			"light_emission": 15,
			"rotation": {"angle": 0, "axis": "y", "origin": [7.5, 5, 7]},
			"faces": {
				"north": {"uv": [0, 0, 1, 1], "rotation": 180, "texture": "#1"},
				"east": {"uv": [0, 0, 0, 1], "rotation": 180, "texture": "#1"},
				"south": {"uv": [0, 0, 1, 1], "rotation": 180, "texture": "#1"},
				"west": {"uv": [0, 3.25, 1, 1.725], "rotation": 180, "texture": "#1"},
				"up": {"uv": [0, 0, 1, 0], "rotation": 180, "texture": "#1"},
				"down": {"uv": [0, 1.325, 1, 3.325], "rotation": 90, "texture": "#1"}
			}
		},
		{
			"name": "cube_outline",
			"from": [8.6, 6.1, 8.1],
			"to": [7.4, 4.9, 7.9],
			"shade": false,
			"light_emission": 15,
			"rotation": {"angle": 0, "axis": "y", "origin": [7.5, 5, 7]},
			"faces": {
				"north": {"uv": [0, 0, 1, 1], "rotation": 180, "texture": "#1"},
				"east": {"uv": [0, 0, 0, 1], "rotation": 180, "texture": "#1"},
				"south": {"uv": [0, 0, 1, 1], "rotation": 180, "texture": "#1"},
				"west": {"uv": [0, 3.25, 1, 1.725], "rotation": 180, "texture": "#1"},
				"up": {"uv": [0, 0, 1, 0], "rotation": 180, "texture": "#1"},
				"down": {"uv": [0, 1.325, 1, 3.325], "rotation": 90, "texture": "#1"}
			}
		},
		{
			"name": "cube_outline",
			"from": [9.6, 7.1, 8.1],
			"to": [8.4, 5.9, 7.9],
			"shade": false,
			"light_emission": 15,
			"rotation": {"angle": 0, "axis": "y", "origin": [8.5, 6, 7]},
			"faces": {
				"north": {"uv": [0, 0, 1, 1], "rotation": 180, "texture": "#1"},
				"east": {"uv": [0, 1.25, 1, 3.35], "rotation": 180, "texture": "#1"},
				"south": {"uv": [0, 0, 1, 1], "rotation": 180, "texture": "#1"},
				"west": {"uv": [0, 0, 0, 1], "rotation": 180, "texture": "#1"},
				"up": {"uv": [1, 3.35, 0, 1.25], "rotation": 90, "texture": "#1"},
				"down": {"uv": [0, 0, 1, 0], "rotation": 180, "texture": "#1"}
			}
		}
	],
	"display": {
		"thirdperson_righthand": {
			"rotation": [0, -180, 0],
			"translation": [0, 5.75, 1.5],
			"scale": [0.72, 0.72, 0.72]
		},
		"thirdperson_lefthand": {
			"rotation": [0, -180, 0],
			"translation": [0, 5.75, 1.5],
			"scale": [0.72, 0.72, 0.72]
		},
		"firstperson_righthand": {
			"rotation": [179.21, 68.02, -179.98],
			"translation": [-2.75, 6.75, 4.25],
			"scale": [0.44, 0.48, 0.44]
		},
		"firstperson_lefthand": {
			"rotation": [179.21, 68.02, -179.98],
			"translation": [-2.75, 6.75, 4.25],
			"scale": [0.44, 0.48, 0.44]
		}
	}
}