{
	"format_version": "1.21.6",
	"credit": "Made with Blockbench",
	"textures": {
		"1": "item/baked_potato_hand"
	},
	"elements": [
		{
			"from": [5.5, 0, 4.5],
			"to": [10.5, 4, 11.5],
			"rotation": {"angle": 0, "axis": "y", "origin": [5.5, 0, 4.5]},
			"faces": {
				"north": {"uv": [10, 0, 15, 4], "texture": "#1"},
				"east": {"uv": [0, 7, 7, 11], "texture": "#1"},
				"south": {"uv": [0, 11, 5, 15], "texture": "#1"},
				"west": {"uv": [7, 7, 14, 11], "texture": "#1"},
				"up": {"uv": [5, 7, 0, 0], "texture": "#1"},
				"down": {"uv": [10, 0, 5, 7], "texture": "#1"}
			}
		},
		{
			"from": [8.1, 2.6, 7.7625],
			"to": [10.1, 4.6, 9.7625],
			"rotation": {"angle": 22.5, "axis": "z", "origin": [9.1, 3.6, 8.7625]},
			"faces": {
				"north": {"uv": [4, 11, 2, 13], "rotation": 270, "texture": "#1"},
				"east": {"uv": [2, 11, 4, 13], "rotation": 90, "texture": "#1"},
				"south": {"uv": [2, 11, 4, 13], "rotation": 90, "texture": "#1"},
				"west": {"uv": [2, 11, 4, 13], "rotation": 90, "texture": "#1"},
				"up": {"uv": [1, 11, 3, 13], "rotation": 90, "texture": "#1"},
				"down": {"uv": [2, 11, 4, 13], "rotation": 90, "texture": "#1"}
			}
		},
		{
			"from": [7.9, 2.5, 5.1625],
			"to": [9.9, 4.5, 7.1625],
			"rotation": {"angle": 22.5, "axis": "z", "origin": [8.9, 3.5, 6.1625]},
			"faces": {
				"north": {"uv": [4, 11, 2, 13], "rotation": 270, "texture": "#1"},
				"east": {"uv": [2, 11, 4, 13], "rotation": 90, "texture": "#1"},
				"south": {"uv": [2, 11, 4, 13], "rotation": 90, "texture": "#1"},
				"west": {"uv": [2, 11, 4, 13], "rotation": 90, "texture": "#1"},
				"up": {"uv": [1, 11, 3, 13], "rotation": 90, "texture": "#1"},
				"down": {"uv": [2, 11, 4, 13], "rotation": 90, "texture": "#1"}
			}
		},
		{
			"from": [5.9, 2.3, 8.8375],
			"to": [7.9, 4.3, 10.8375],
			"rotation": {"angle": -22.5, "axis": "z", "origin": [6.9, 3.3, 8.8375]},
			"faces": {
				"north": {"uv": [4, 11, 2, 13], "rotation": 270, "texture": "#1"},
				"east": {"uv": [2, 11, 4, 13], "rotation": 90, "texture": "#1"},
				"south": {"uv": [2, 11, 4, 13], "rotation": 90, "texture": "#1"},
				"west": {"uv": [2, 11, 4, 13], "rotation": 90, "texture": "#1"},
				"up": {"uv": [1, 11, 3, 13], "rotation": 90, "texture": "#1"},
				"down": {"uv": [2, 11, 4, 13], "rotation": 90, "texture": "#1"}
			}
		},
		{
			"from": [5.9, 2.5, 6.6375],
			"to": [7.9, 4.5, 8.6375],
			"rotation": {"angle": -22.5, "axis": "z", "origin": [6.9, 3.5, 8.6375]},
			"faces": {
				"north": {"uv": [4, 11, 2, 13], "rotation": 270, "texture": "#1"},
				"east": {"uv": [2, 11, 4, 13], "rotation": 90, "texture": "#1"},
				"south": {"uv": [2, 11, 4, 13], "rotation": 90, "texture": "#1"},
				"west": {"uv": [2, 11, 4, 13], "rotation": 90, "texture": "#1"},
				"up": {"uv": [1, 11, 3, 13], "rotation": 90, "texture": "#1"},
				"down": {"uv": [2, 11, 4, 13], "rotation": 90, "texture": "#1"}
			}
		}
	],
	"display": {
		"thirdperson_righthand": {
			"translation": [0, 5.75, 1.5],
			"scale": [0.72, 0.72, 0.72]
		},
		"thirdperson_lefthand": {
			"translation": [0, 5.75, 1.5],
			"scale": [0.72, 0.72, 0.72]
		},
		"firstperson_righthand": {
			"rotation": [0.73, -64, -0.13],
			"translation": [-2.75, 6.75, 4.25],
			"scale": [0.44, 0.44, 0.54]
		},
		"firstperson_lefthand": {
			"rotation": [0.73, -64, -0.13],
			"translation": [-2.75, 6.75, 4.25],
			"scale": [0.44, 0.44, 0.54]
		}
	}
}