{
	"format_version": "1.21.6",
	"credit": "Made with Blockbench",
	"textures": {
		"1": "item/potato_hand"
	},
	"elements": [
		{
			"from": [5.5, 0, 4.5],
			"to": [10.5, 4, 11.5],
			"rotation": {"angle": 0, "axis": "y", "origin": [5.5, 0, 4.5]},
			"faces": {
				"north": {"uv": [10, 0, 15, 4], "texture": "#1"},
				"east": {"uv": [0, 7, 7, 11], "texture": "#1"},
				"south": {"uv": [0, 11, 5, 15], "texture": "#1"},
				"west": {"uv": [7, 7, 14, 11], "texture": "#1"},
				"up": {"uv": [5, 7, 0, 0], "texture": "#1"},
				"down": {"uv": [10, 0, 5, 7], "texture": "#1"}
			}
		}
	],
	"display": {
		"thirdperson_righthand": {
			"translation": [0, 5.75, 1.5],
			"scale": [0.72, 0.72, 0.72]
		},
		"thirdperson_lefthand": {
			"translation": [0, 5.75, 1.5],
			"scale": [0.72, 0.72, 0.72]
		},
		"firstperson_righthand": {
			"rotation": [0.73, -64, -0.13],
			"translation": [-2.75, 6.75, 4.25],
			"scale": [0.44, 0.44, 0.54]
		},
		"firstperson_lefthand": {
			"rotation": [0.73, -64, -0.13],
			"translation": [-2.75, 6.75, 4.25],
			"scale": [0.44, 0.44, 0.54]
		}
	}
}