{
	"format_version": "1.21.6",
	"credit": "Made with Blockbench",
	"texture_size": [32, 32],
	"textures": {
		"1": "item/rotten_flesh_hand",
		"particle": "item/rotten_flesh_hand"
	},
	"elements": [
		{
			"from": [4.42, -0.02, 3.90625],
			"to": [11.58, 2.02, 4.93125],
			"rotation": {"angle": 0, "axis": "y", "origin": [11.58, -0.02, 2.90625]},
			"faces": {
				"north": {"uv": [14, 4, 7, 6], "texture": "#1"},
				"east": {"uv": [8.00272, 2, 7, 4], "texture": "#1"},
				"south": {"uv": [14, 6, 7, 8], "texture": "#1"},
				"west": {"uv": [16, 0, 14.99729, 2], "texture": "#1"},
				"up": {"uv": [0, 9, 7, 7.99729], "texture": "#1"},
				"down": {"uv": [7, 7.99729, 0, 9], "texture": "#1"}
			}
		},
		{
			"from": [4.42, -0.02, 4.93125],
			"to": [11.58, 2.02, 6.98125],
			"rotation": {"angle": 0, "axis": "y", "origin": [11.58, -0.02, 2.90625]},
			"faces": {
				"north": {"uv": [14, 4, 7, 6], "texture": "#1"},
				"east": {"uv": [10.00815, 2, 8.00272, 4], "texture": "#1"},
				"south": {"uv": [14, 6, 7, 8], "texture": "#1"},
				"west": {"uv": [14.99729, 0, 12.99185, 2], "texture": "#1"},
				"up": {"uv": [0, 7.99729, 7, 5.99185], "texture": "#1"},
				"down": {"uv": [7, 5.99185, 0, 7.99729], "texture": "#1"}
			}
		},
		{
			"from": [4.42, -0.02, 6.98125],
			"to": [11.58, 2.02, 7.9875],
			"rotation": {"angle": 0, "axis": "y", "origin": [11.58, -0.02, 2.90625]},
			"faces": {
				"north": {"uv": [14, 4, 7, 6], "texture": "#1"},
				"east": {"uv": [10.99253, 2, 10.00815, 4], "texture": "#1"},
				"south": {"uv": [7, 8, 14, 10], "texture": "#1"},
				"west": {"uv": [12.99185, 0, 12.00747, 2], "texture": "#1"},
				"up": {"uv": [0, 5.99185, 7, 5.00747], "texture": "#1"},
				"down": {"uv": [7, 5.00747, 0, 5.99185], "texture": "#1"}
			}
		},
		{
			"from": [4.42, -0.02, 7.9875],
			"to": [8.5, 2.02, 10.05625],
			"rotation": {"angle": 0, "axis": "y", "origin": [11.58, -0.02, 2.90625]},
			"faces": {
				"north": {"uv": [10.98883, 4, 7, 6], "texture": "#1"},
				"east": {"uv": [9.99253, 8, 12.01631, 10], "texture": "#1"},
				"south": {"uv": [7, 8, 10.98883, 10], "texture": "#1"},
				"west": {"uv": [12.00747, 0, 9.9837, 2], "texture": "#1"},
				"up": {"uv": [0, 5.00747, 3.98883, 2.9837], "texture": "#1"},
				"down": {"uv": [7, 2.9837, 3.01117, 5.00747], "texture": "#1"}
			}
		},
		{
			"from": [3.1, 1, 2.575],
			"to": [7.1, 1, 6.575],
			"rotation": {"angle": 0, "axis": "y", "origin": [4.1, 0, 2.575]},
			"faces": {
				"north": {"uv": [0, 0, 2, 0], "texture": "#1"},
				"east": {"uv": [0, 0, 2, 0], "texture": "#1"},
				"south": {"uv": [0, 0, 2, 0], "texture": "#1"},
				"west": {"uv": [0, 0, 2, 0], "texture": "#1"},
				"up": {"uv": [0, 9, 3, 12], "texture": "#1"},
				"down": {"uv": [0, 12, 3, 9], "texture": "#1"}
			}
		}
	],
	"display": {
		"thirdperson_righthand": {
			"translation": [0, 6, 1],
			"scale": [0.56, 0.75, 0.56]
		},
		"thirdperson_lefthand": {
			"translation": [0, 6, 1],
			"scale": [0.56, 0.75, 0.56]
		},
		"firstperson_righthand": {
			"rotation": [-81.06, -69.39, -72.08],
			"translation": [0.25, 9.5, 0.5],
			"scale": [0.57, 0.64, 0.48]
		},
		"firstperson_lefthand": {
			"rotation": [-81.06, -69.39, -72.08],
			"translation": [0.25, 9.5, 0.5],
			"scale": [0.57, 0.64, 0.48]
		}
	}
}