{
	"format_version": "1.21.6",
	"credit": "Made with Blockbench",
	"textures": {
		"2": "item/spider_eye_hand",
		"particle": "item/spider_eye_hand"
	},
	"elements": [
		{
			"from": [8, 3, 5],
			"to": [10, 7, 7],
			"rotation": {"angle": 0, "axis": "y", "origin": [7.75, 3.25, 8]},
			"faces": {
				"north": {"uv": [4, 0, 6, 4], "texture": "#2"},
				"east": {"uv": [6, 0, 8, 4], "texture": "#2"},
				"south": {"uv": [6, 0, 8, 4], "texture": "#2"},
				"west": {"uv": [8, 0, 10, 4], "texture": "#2"},
				"up": {"uv": [6, 8, 4, 6], "texture": "#2"},
				"down": {"uv": [2, 7, 0, 9], "texture": "#2"}
			}
		},
		{
			"from": [6, 3, 7],
			"to": [10, 7, 8],
			"rotation": {"angle": 0, "axis": "y", "origin": [7.75, 3.25, 8]},
			"faces": {
				"north": {"uv": [8, 0, 12, 4], "texture": "#2"},
				"east": {"uv": [5, 0, 6, 4], "texture": "#2"},
				"south": {"uv": [4, 0, 8, 4], "texture": "#2"},
				"west": {"uv": [6, 0, 7, 4], "texture": "#2"},
				"up": {"uv": [8, 6, 4, 5], "texture": "#2"},
				"down": {"uv": [4, 6, 0, 7], "texture": "#2"}
			}
		},
		{
			"from": [6, 3, 8],
			"to": [10, 7, 9],
			"rotation": {"angle": 0, "axis": "y", "origin": [7.75, 3.25, 8]},
			"faces": {
				"north": {"uv": [4, 0, 8, 4], "texture": "#2"},
				"east": {"uv": [4, 0, 5, 4], "texture": "#2"},
				"south": {"uv": [4, 0, 8, 4], "texture": "#2"},
				"west": {"uv": [7, 0, 8, 4], "texture": "#2"},
				"up": {"uv": [8, 5, 4, 4], "texture": "#2"},
				"down": {"uv": [4, 5, 0, 6], "texture": "#2"}
			}
		},
		{
			"from": [8, 0, 7],
			"to": [8, 5, 11],
			"rotation": {"angle": 0, "axis": "y", "origin": [8.25, 3.25, 9]},
			"faces": {
				"north": {"uv": [0, 0, 0, 5], "texture": "#2"},
				"east": {"uv": [0, 0, 4, 5], "texture": "#2"},
				"south": {"uv": [0, 0, 0, 5], "texture": "#2"},
				"west": {"uv": [4, 0, 0, 5], "texture": "#2"},
				"up": {"uv": [0, 5, 0, 0], "texture": "#2"},
				"down": {"uv": [0, 0, 0, 5], "texture": "#2"}
			}
		}
	],
	"display": {
		"thirdperson_righthand": {
			"rotation": [0, -90, 0],
			"translation": [-0.91, 3.25, 1.5],
			"scale": [0.65, 0.64, 0.65]
		},
		"thirdperson_lefthand": {
			"rotation": [0, -90, 0],
			"translation": [-0.91, 3.25, 1.5],
			"scale": [0.65, 0.64, 0.65]
		},
		"firstperson_righthand": {
			"rotation": [12, 37.24, -32.47],
			"translation": [1.5, 6.5, 1.5],
			"scale": [0.88, 0.88, 0.88]
		},
		"firstperson_lefthand": {
			"rotation": [153.35, 26.96, -147.36],
			"translation": [1.5, 6.25, 0.75],
			"scale": [0.88, 0.88, 0.88]
		}
	}
}