{
	"format_version": "1.21.6",
	"credit": "Made with Blockbench",
	"texture_size": [32, 32],
	"textures": {
		"2": "item/cooked_rabbit_hand",
		"particle": "item/cooked_rabbit_hand"
	},
	"elements": [
		{
			"from": [5.5, 1, 4.5],
			"to": [10.5, 5, 11.5],
			"rotation": {"angle": 0, "axis": "y", "origin": [8, 1.35433, 7.85707]},
			"faces": {
				"north": {"uv": [2.5, 5.5, 0, 7.5], "texture": "#2"},
				"east": {"uv": [3.5, 3.5, 0, 5.5], "texture": "#2"},
				"south": {"uv": [7.5, 0, 5, 2], "texture": "#2"},
				"west": {"uv": [0, 3.5, 3.5, 5.5], "texture": "#2"},
				"up": {"uv": [2.5, 0, 0, 3.5], "texture": "#2"},
				"down": {"uv": [5, 3.5, 2.5, 0], "texture": "#2"}
			}
		},
		{
			"from": [4.5, 1.50803, 3.759],
			"to": [6.5, 4.50803, 7.759],
			"rotation": {"angle": -22.5, "axis": "x", "origin": [8, 1.35433, 7.85707]},
			"faces": {
				"north": {"uv": [8.5, 0, 7.5, 1.5], "texture": "#2"},
				"east": {"uv": [7, 2, 5, 3.5], "texture": "#2"},
				"south": {"uv": [1, 7.5, 0, 9], "texture": "#2"},
				"west": {"uv": [4.5, 5.5, 2.5, 7], "texture": "#2"},
				"up": {"uv": [3.5, 7, 2.5, 9], "texture": "#2"},
				"down": {"uv": [4.5, 9, 3.5, 7], "texture": "#2"}
			}
		},
		{
			"from": [4.525, 0.53667, 2.82361],
			"to": [6.475, 1.53667, 5.82361],
			"rotation": {"angle": -22.5, "axis": "x", "origin": [8, 1.35433, 7.85707]},
			"faces": {
				"north": {"uv": [9, 3, 8, 3.5], "texture": "#2"},
				"east": {"uv": [9, 1.5, 7.5, 2], "texture": "#2"},
				"south": {"uv": [9, 2.5, 8, 3], "texture": "#2"},
				"west": {"uv": [9.5, 2, 8, 2.5], "texture": "#2"},
				"up": {"uv": [2, 7.5, 1, 9], "texture": "#2"},
				"down": {"uv": [8.5, 6, 7.5, 4.5], "texture": "#2"}
			}
		},
		{
			"from": [4.7, 0.83837, 9.43713],
			"to": [6.7, 5.83837, 11.43713],
			"rotation": {"angle": 22.5, "axis": "x", "origin": [8, 1.35433, 7.85707]},
			"faces": {
				"north": {"uv": [7.5, 5.5, 6.5, 8], "texture": "#2"},
				"east": {"uv": [6.5, 5.5, 5.5, 8], "texture": "#2"},
				"south": {"uv": [5.5, 5.5, 4.5, 8], "texture": "#2"},
				"west": {"uv": [8, 2, 7, 4.5], "texture": "#2"},
				"up": {"uv": [8.5, 6, 7.5, 7], "texture": "#2"},
				"down": {"uv": [8.5, 8, 7.5, 7], "texture": "#2"}
			}
		},
		{
			"from": [9.5, 1.50803, 3.759],
			"to": [11.5, 4.50803, 7.759],
			"rotation": {"angle": -22.5, "axis": "x", "origin": [8, 1.35433, 7.85707]},
			"faces": {
				"north": {"uv": [7.5, 0, 8.5, 1.5], "texture": "#2"},
				"east": {"uv": [2.5, 5.5, 4.5, 7], "texture": "#2"},
				"south": {"uv": [0, 7.5, 1, 9], "texture": "#2"},
				"west": {"uv": [5, 2, 7, 3.5], "texture": "#2"},
				"up": {"uv": [2.5, 7, 3.5, 9], "texture": "#2"},
				"down": {"uv": [3.5, 9, 4.5, 7], "texture": "#2"}
			}
		},
		{
			"from": [9.525, 0.53667, 2.82361],
			"to": [11.475, 1.53667, 5.82361],
			"rotation": {"angle": -22.5, "axis": "x", "origin": [8, 1.35433, 7.85707]},
			"faces": {
				"north": {"uv": [9, 3, 8, 3.5], "texture": "#2"},
				"east": {"uv": [9, 1.5, 7.5, 2], "texture": "#2"},
				"south": {"uv": [9, 2.5, 8, 3], "texture": "#2"},
				"west": {"uv": [9.5, 2, 8, 2.5], "texture": "#2"},
				"up": {"uv": [2, 7.5, 1, 9], "texture": "#2"},
				"down": {"uv": [8.5, 6, 7.5, 4.5], "texture": "#2"}
			}
		},
		{
			"from": [9.3, 0.83837, 9.43713],
			"to": [11.3, 5.83837, 11.43713],
			"rotation": {"angle": 22.5, "axis": "x", "origin": [8, 1.35433, 7.85707]},
			"faces": {
				"north": {"uv": [6.5, 5.5, 7.5, 8], "texture": "#2"},
				"east": {"uv": [7, 2, 8, 4.5], "texture": "#2"},
				"south": {"uv": [4.5, 5.5, 5.5, 8], "texture": "#2"},
				"west": {"uv": [5.5, 5.5, 6.5, 8], "texture": "#2"},
				"up": {"uv": [7.5, 6, 8.5, 7], "texture": "#2"},
				"down": {"uv": [7.5, 8, 8.5, 7], "texture": "#2"}
			}
		}
	],
	"display": {
		"thirdperson_righthand": {
			"translation": [0, 4.75, 0.75],
			"scale": [0.7, 0.7, 0.7]
		},
		"thirdperson_lefthand": {
			"translation": [0, 4.75, 0.75],
			"scale": [0.7, 0.7, 0.7]
		},
		"firstperson_righthand": {
			"rotation": [-171.4, -42.05, -147.36],
			"translation": [0.5, 9, 1],
			"scale": [0.66, 0.69, 0.58]
		},
		"firstperson_lefthand": {
			"rotation": [-22.14, -29.71, -28.21],
			"translation": [0.25, 9, 0.5],
			"scale": [0.66, 0.69, 0.58]
		}
	}
}