{
	"format_version": "1.21.6",
	"credit": "Made with Blockbench",
	"textures": {
		"2": "item/cooked_porkchop_hand",
		"particle": "item/cooked_porkchop_hand"
	},
	"elements": [
		{
			"from": [4.5, 0, 3.5],
			"to": [11.5, 3, 6.5],
			"rotation": {"angle": 0, "axis": "y", "origin": [4.5, 0, 12.5]},
			"faces": {
				"north": {"uv": [9, 12, 16, 15], "texture": "#2"},
				"east": {"uv": [3, 12, 0, 15], "texture": "#2"},
				"south": {"uv": [16, 12, 9, 15], "texture": "#2"},
				"west": {"uv": [9, 9, 6, 12], "texture": "#2"},
				"up": {"uv": [7, 0, 0, 3], "texture": "#2"},
				"down": {"uv": [14, 3, 7, 0], "texture": "#2"}
			}
		}
	],
	"display": {
		"thirdperson_righthand": {
			"translation": [0, 4.5, 1.75],
			"scale": [0.56, 0.56, 0.56]
		},
		"thirdperson_lefthand": {
			"translation": [0, 4.5, 1.75],
			"scale": [0.56, 0.56, 0.56]
		},
		"firstperson_righthand": {
			"rotation": [-81.06, -69.39, -72.08],
			"translation": [0.25, 9.5, 0.5],
			"scale": [0.57, 0.64, 0.48]
		},
		"firstperson_lefthand": {
			"rotation": [-81.06, -69.39, -72.08],
			"translation": [0.25, 9.5, 0.5],
			"scale": [0.57, 0.64, 0.48]
		}
	}
}