{
	"format_version": "1.21.6",
	"credit": "Made with Blockbench",
	"textures": {
		"2": "item/cooked_porkchop_hand",
		"particle": "item/cooked_porkchop_hand"
	},
	"elements": [
		{
			"from": [4.5, 0, 3.5],
			"to": [11.5, 3, 12.5],
			"rotation": {"angle": 0, "axis": "y", "origin": [4.5, 0, 12.5]},
			"faces": {
				"north": {"uv": [9, 12, 16, 15], "texture": "#2"},
				"east": {"uv": [9, 12, 0, 15], "texture": "#2"},
				"south": {"uv": [16, 9, 9, 12], "texture": "#2"},
				"west": {"uv": [9, 9, 0, 12], "texture": "#2"},
				"up": {"uv": [7, 0, 0, 9], "texture": "#2"},
				"down": {"uv": [14, 9, 7, 0], "texture": "#2"}
			}
		}
	],
	"display": {
		"thirdperson_righthand": {
			"translation": [0, 4.5, 1.75],
			"scale": [0.56, 0.56, 0.56]
		},
		"thirdperson_lefthand": {
			"translation": [0, 4.5, 1.75],
			"scale": [0.56, 0.56, 0.56]
		},
		"firstperson_righthand": {
			"rotation": [0.73, -64, -0.13],
			"translation": [-2.75, 7, 4.25],
			"scale": [0.31, 0.4, 0.5]
		},
		"firstperson_lefthand": {
			"rotation": [0.73, -64, -0.13],
			"translation": [-2.75, 7, 4.25],
			"scale": [0.31, 0.4, 0.5]
		}
	}
}