{
	"format_version": "1.21.6",
	"credit": "Made with Blockbench",
	"texture_size": [32, 32],
	"textures": {
		"0": "item/mutton_hand",
		"particle": "item/mutton_hand"
	},
	"elements": [
		{
			"from": [3.37883, 0, 4.86575],
			"to": [10.37883, 3, 11.86575],
			"rotation": {"angle": 0, "axis": "y", "origin": [8.16751, 1.49375, 7.77934]},
			"faces": {
				"north": {"uv": [6, 6, 9.5, 7.5], "texture": "#0"},
				"east": {"uv": [0, 7, 3.5, 8.5], "texture": "#0"},
				"south": {"uv": [6, 3, 9.5, 4.5], "texture": "#0"},
				"west": {"uv": [6, 4.5, 9.5, 6], "texture": "#0"},
				"up": {"uv": [3.5, 3.5, 0, 0], "rotation": 180, "texture": "#0"},
				"down": {"uv": [3.5, 3.5, 0, 7], "rotation": 180, "texture": "#0"}
			}
		},
		{
			"from": [6.63368, 0.025, 1.74086],
			"to": [11.63368, 2.95, 10.74795],
			"rotation": {"angle": -22.5, "axis": "y", "origin": [8.16751, 1.49375, 7.77934]},
			"faces": {
				"north": {"uv": [0, 8.5, 2.5, 10], "texture": "#0"},
				"east": {"uv": [6.49646, 1.5, 10.5, 3], "texture": "#0"},
				"south": {"uv": [6, 7.5, 8.5, 9], "texture": "#0"},
				"west": {"uv": [6, 0, 10.00354, 1.5], "texture": "#0"},
				"up": {"uv": [6, 4.00354, 3.5, 0], "rotation": 180, "texture": "#0"},
				"down": {"uv": [6, 4.5, 3.5, 8.50354], "rotation": 180, "texture": "#0"}
			}
		}
	],
	"display": {
		"thirdperson_righthand": {
			"translation": [0, 4.5, 1.25],
			"scale": [0.66, 0.57, 0.66]
		},
		"thirdperson_lefthand": {
			"translation": [0, 4.5, 1.25],
			"scale": [0.66, 0.57, 0.66]
		},
		"firstperson_righthand": {
			"rotation": [6.91, -36.59, 3.9],
			"translation": [-2.75, 6.5, 4.25],
			"scale": [0.36, 0.36, 0.42]
		},
		"firstperson_lefthand": {
			"rotation": [0.73, -64, -0.13],
			"translation": [-2.75, 7, 4.25],
			"scale": [0.31, 0.4, 0.5]
		}
	}
}