{
	"format_version": "1.21.6",
	"credit": "Made with Blockbench",
	"texture_size": [32, 32],
	"textures": {
		"0": "item/mutton_hand",
		"particle": "item/mutton_hand"
	},
	"elements": [
		{
			"from": [9.62619, 0.025, 1.74086],
			"to": [11.63368, 2.99, 10.74794],
			"rotation": {"angle": -22.5, "axis": "y", "origin": [8.16751, 1.46875, 7.77933]},
			"faces": {
				"north": {"uv": [0, 8.5, 1.00375, 10], "texture": "#0"},
				"east": {"uv": [6.49646, 1.5, 10.5, 3], "texture": "#0"},
				"south": {"uv": [7.49625, 7.5, 8.5, 9], "texture": "#0"},
				"west": {"uv": [6, 0, 10.00354, 1.5], "texture": "#0"},
				"up": {"uv": [6, 4.00354, 4.99625, 0], "rotation": 180, "texture": "#0"},
				"down": {"uv": [6, 4.5, 4.99625, 8.50354], "rotation": 180, "texture": "#0"}
			}
		},
		{
			"from": [3.37883, 0, 4.86575],
			"to": [6.37133, 3, 7.87008],
			"rotation": {"angle": 0, "axis": "y", "origin": [8.16751, 1.49375, 7.77933]},
			"faces": {
				"north": {"uv": [8.00375, 6, 9.5, 7.5], "texture": "#0"},
				"east": {"uv": [1.99783, 7, 3.5, 8.5], "texture": "#0"},
				"south": {"uv": [9.5, 4.5, 10.99625, 6], "texture": "#0"},
				"west": {"uv": [6, 4.5, 7.50217, 6], "texture": "#0"},
				"up": {"uv": [1.49625, 1.50217, 0, 0], "rotation": 180, "texture": "#0"},
				"down": {"uv": [1.49625, 3.5, 0, 5.00217], "rotation": 180, "texture": "#0"}
			}
		},
		{
			"from": [6.37133, 0, 4.86575],
			"to": [10.37883, 3, 11.86575],
			"rotation": {"angle": 0, "axis": "y", "origin": [8.16751, 1.49375, 7.77933]},
			"faces": {
				"north": {"uv": [6, 6, 8.00375, 7.5], "texture": "#0"},
				"east": {"uv": [0, 7, 3.5, 8.5], "texture": "#0"},
				"south": {"uv": [7.49625, 3, 9.5, 4.5], "texture": "#0"},
				"west": {"uv": [9.5, 3, 13, 4.5], "texture": "#0"},
				"up": {"uv": [3.5, 3.5, 1.49625, 0], "rotation": 180, "texture": "#0"},
				"down": {"uv": [3.5, 3.5, 1.49625, 7], "rotation": 180, "texture": "#0"}
			}
		},
		{
			"from": [6.63368, 0.025, 1.74086],
			"to": [9.62619, 2.99, 6.24519],
			"rotation": {"angle": -22.5, "axis": "y", "origin": [8.16751, 1.46875, 7.77933]},
			"faces": {
				"north": {"uv": [1.00375, 8.5, 2.5, 10], "texture": "#0"},
				"east": {"uv": [8.49783, 1.5, 10.5, 3], "texture": "#0"},
				"south": {"uv": [6, 7.5, 7.49625, 9], "texture": "#0"},
				"west": {"uv": [6, 0, 8.00217, 1.5], "texture": "#0"},
				"up": {"uv": [4.99625, 2.00217, 3.5, 0], "rotation": 180, "texture": "#0"},
				"down": {"uv": [4.99625, 4.5, 3.5, 6.50217], "rotation": 180, "texture": "#0"}
			}
		}
	],
	"display": {
		"thirdperson_righthand": {
			"translation": [0, 4.5, 1.25],
			"scale": [0.66, 0.57, 0.66]
		},
		"thirdperson_lefthand": {
			"translation": [0, 4.5, 1.25],
			"scale": [0.66, 0.57, 0.66]
		},
		"firstperson_righthand": {
			"rotation": [-81.06, -69.39, -72.08],
			"translation": [0.25, 9.5, 0.75],
			"scale": [0.57, 0.64, 0.48]
		},
		"firstperson_lefthand": {
			"rotation": [-81.06, -69.39, -72.08],
			"translation": [0.25, 9.5, 0.5],
			"scale": [0.57, 0.64, 0.48]
		}
	}
}