{
	"format_version": "1.21.11",
	"credit": "Made with Blockbench",
	"textures": {
		"1": "item/prismarine_crystals_hand"
	},
	"elements": [
		{
			"from": [8.64296, 0, 4.09884],
			"to": [11.64296, 1.5, 8.09884],
			"rotation": {"x": 0, "y": -27.5, "z": 0, "origin": [8.64296, 0.25, 4.09884]},
			"faces": {
				"north": {"uv": [0, 0.1, 3, 0.8], "texture": "#1"},
				"east": {"uv": [0, 0, 0.7, 4], "rotation": 90, "texture": "#1"},
				"south": {"uv": [0, 3, 3, 3.8], "texture": "#1"},
				"west": {"uv": [2, 4, 2.9, 0], "rotation": 90, "texture": "#1"},
				"up": {"uv": [0, 0, 3, 4], "texture": "#1"},
				"down": {"uv": [0, 4, 3, 0], "texture": "#1"}
			}
		},
		{
			"from": [5.24296, 0, 7.29884],
			"to": [9.24296, 1.5, 10.29884],
			"rotation": {"x": 10.11783, "y": 22.9824, "z": 24.56202, "origin": [5.24296, 0.25, 10.29884]},
			"faces": {
				"north": {"uv": [0, 0, 0.7, 4], "rotation": 90, "texture": "#1"},
				"east": {"uv": [0, 3, 3, 3.8], "texture": "#1"},
				"south": {"uv": [2, 4, 2.9, 0], "rotation": 90, "texture": "#1"},
				"west": {"uv": [0, 0.1, 3, 0.8], "texture": "#1"},
				"up": {"uv": [0, 0, 3, 4], "rotation": 270, "texture": "#1"},
				"down": {"uv": [0, 4, 3, 0], "rotation": 90, "texture": "#1"}
			}
		},
		{
			"from": [8.84296, -0.2, 5.59884],
			"to": [11.84296, 1.3, 9.59884],
			"rotation": {"x": 39.45232, "y": 34.40873, "z": 0.78592, "origin": [11.84296, 0.05, 9.59884]},
			"faces": {
				"north": {"uv": [0, 3, 3, 3.8], "texture": "#1"},
				"east": {"uv": [2, 4, 2.9, 0], "rotation": 90, "texture": "#1"},
				"south": {"uv": [0, 0.1, 3, 0.8], "texture": "#1"},
				"west": {"uv": [0, 0, 0.7, 4], "rotation": 90, "texture": "#1"},
				"up": {"uv": [0, 0, 3, 4], "rotation": 180, "texture": "#1"},
				"down": {"uv": [0, 4, 3, 0], "rotation": 180, "texture": "#1"}
			}
		},
		{
			"name": "cube_outline",
			"from": [9.34296, 1.6, 10.39884],
			"to": [5.14296, -0.1, 7.19884],
			"rotation": {"x": 10.11783, "y": 22.9824, "z": 24.56202, "origin": [5.24296, 0.25, 10.29884]},
			"faces": {
				"north": {"uv": [5, 4, 5.9, 0], "rotation": 180, "texture": "#1"},
				"east": {"uv": [3, 0.1, 6, 0.8], "rotation": 180, "texture": "#1"},
				"south": {"uv": [3, 0, 3.7, 4], "rotation": 180, "texture": "#1"},
				"west": {"uv": [3, 3, 6, 3.8], "rotation": 180, "texture": "#1"},
				"up": {"uv": [3, 4, 6, 0], "rotation": 180, "texture": "#1"},
				"down": {"uv": [3, 0, 6, 4], "rotation": 180, "texture": "#1"}
			}
		},
		{
			"name": "cube_outline",
			"from": [11.74296, 1.6, 8.19884],
			"to": [8.54296, -0.1, 3.99884],
			"rotation": {"x": 0, "y": -27.5, "z": 0, "origin": [8.64296, 0.25, 4.09884]},
			"faces": {
				"north": {"uv": [3, 3, 6, 3.8], "rotation": 180, "texture": "#1"},
				"east": {"uv": [5, 4, 5.9, 0], "rotation": 180, "texture": "#1"},
				"south": {"uv": [3, 0.1, 6, 0.8], "rotation": 180, "texture": "#1"},
				"west": {"uv": [3, 0, 3.7, 4], "rotation": 180, "texture": "#1"},
				"up": {"uv": [3, 4, 6, 0], "rotation": 180, "texture": "#1"},
				"down": {"uv": [3, 0, 6, 4], "rotation": 180, "texture": "#1"}
			}
		},
		{
			"name": "cube_outline",
			"from": [11.94296, 1.4, 9.69884],
			"to": [8.74296, -0.3, 5.49884],
			"rotation": {"x": 39.45232, "y": 34.40873, "z": 0.78592, "origin": [11.84296, 0.05, 9.59884]},
			"faces": {
				"north": {"uv": [3, 0.1, 6, 0.8], "rotation": 180, "texture": "#1"},
				"east": {"uv": [3, 0, 3.7, 4], "rotation": 180, "texture": "#1"},
				"south": {"uv": [3, 3, 6, 3.8], "rotation": 180, "texture": "#1"},
				"west": {"uv": [5, 4, 5.9, 0], "rotation": 180, "texture": "#1"},
				"up": {"uv": [3, 4, 6, 0], "rotation": 180, "texture": "#1"},
				"down": {"uv": [3, 0, 6, 4], "rotation": 180, "texture": "#1"}
			}
		}
	],
	"display": {
		"thirdperson_righthand": {
			"rotation": [0, -90, 0],
			"translation": [0, 4.6, 1.5],
			"scale": [0.59, 0.59, 0.59]
		},
		"thirdperson_lefthand": {
			"rotation": [0, -90, 0],
			"translation": [0, 4.6, 1.5],
			"scale": [0.59, 0.59, 0.59]
		},
		"firstperson_righthand": {
			"rotation": [179.62, 27.01, 179.41],
			"translation": [-2.75, 6.75, 4.25],
			"scale": [0.41, 0.45, 0.41]
		},
		"firstperson_lefthand": {
			"rotation": [179.62, 27.01, 179.41],
			"translation": [-2.75, 6.75, 4.25],
			"scale": [0.41, 0.45, 0.41]
		}
	}
}