{
	"format_version": "1.21.6",
	"credit": "Made with Blockbench",
	"textures": {
		"2": "item/carrot_hand"
	},
	"elements": [
		{
			"from": [7, 0, 7],
			"to": [9, 3, 9],
			"rotation": {"angle": 0, "axis": "y", "origin": [8.0375, 6.1, 8]},
			"faces": {
				"north": {"uv": [8, 0, 6, 3], "texture": "#2"},
				"east": {"uv": [6, 0, 8, 3], "texture": "#2"},
				"south": {"uv": [8, 0, 6, 3], "texture": "#2"},
				"west": {"uv": [6, 0, 8, 3], "texture": "#2"},
				"up": {"uv": [8, 5, 6, 3], "texture": "#2"},
				"down": {"uv": [8, 5, 6, 7], "texture": "#2"}
			}
		},
		{
			"from": [6.5, 3, 6.5],
			"to": [9.5, 9, 9.5],
			"rotation": {"angle": 0, "axis": "y", "origin": [8.0375, 6.1, 8]},
			"faces": {
				"north": {"uv": [0, 0, 3, 6], "texture": "#2"},
				"east": {"uv": [3, 0, 0, 6], "texture": "#2"},
				"south": {"uv": [0, 0, 3, 6], "texture": "#2"},
				"west": {"uv": [3, 0, 0, 6], "texture": "#2"},
				"up": {"uv": [6, 8, 3, 5], "texture": "#2"},
				"down": {"uv": [3, 6, 0, 9], "texture": "#2"}
			}
		},
		{
			"from": [7.52184, 10.23736, 6.5],
			"to": [7.52184, 13.23736, 9.5],
			"rotation": {"angle": 45, "axis": "z", "origin": [7.51732, 10.22388, 8]},
			"faces": {
				"north": {"uv": [0, 0, 0, 5], "texture": "#2"},
				"east": {"uv": [6, 0, 3, 3], "texture": "#2"},
				"south": {"uv": [0, 0, 0, 5], "texture": "#2"},
				"west": {"uv": [3, 0, 6, 3], "texture": "#2"},
				"up": {"uv": [0, 3, 0, 0], "texture": "#2"},
				"down": {"uv": [0, 3, 0, 0], "texture": "#2"}
			}
		},
		{
			"from": [9.13958, 8.12251, 6.5],
			"to": [9.13958, 10.12251, 9.5],
			"rotation": {"angle": 22.5, "axis": "z", "origin": [8.0375, 6.1, 8]},
			"faces": {
				"north": {"uv": [0, 0, 0, 5], "texture": "#2"},
				"east": {"uv": [6, 3, 3, 5], "texture": "#2"},
				"south": {"uv": [0, 0, 0, 5], "texture": "#2"},
				"west": {"uv": [3, 3, 6, 5], "texture": "#2"},
				"up": {"uv": [0, 3, 0, 0], "texture": "#2"},
				"down": {"uv": [0, 3, 0, 0], "texture": "#2"}
			}
		},
		{
			"from": [6.93542, 8.12251, 6.5],
			"to": [6.93542, 10.12251, 9.5],
			"rotation": {"angle": -22.5, "axis": "z", "origin": [8.0375, 6.1, 8]},
			"faces": {
				"north": {"uv": [0, 0, 0, 5], "texture": "#2"},
				"east": {"uv": [3, 3, 6, 5], "texture": "#2"},
				"south": {"uv": [0, 0, 0, 5], "texture": "#2"},
				"west": {"uv": [3, 3, 6, 5], "texture": "#2"},
				"up": {"uv": [0, 3, 0, 0], "texture": "#2"},
				"down": {"uv": [0, 3, 0, 0], "texture": "#2"}
			}
		},
		{
			"from": [8.55125, 10.24692, 6.5],
			"to": [8.55125, 13.24692, 9.5],
			"rotation": {"angle": -45, "axis": "z", "origin": [8.53268, 10.22388, 8]},
			"faces": {
				"north": {"uv": [0, 0, 0, 5], "texture": "#2"},
				"east": {"uv": [3, 0, 6, 3], "texture": "#2"},
				"south": {"uv": [0, 0, 0, 5], "texture": "#2"},
				"west": {"uv": [3, 0, 6, 3], "texture": "#2"},
				"up": {"uv": [0, 3, 0, 0], "texture": "#2"},
				"down": {"uv": [0, 3, 0, 0], "texture": "#2"}
			}
		}
	],
	"display": {
		"thirdperson_righthand": {
			"translation": [0, 2.75, 1.5],
			"scale": [0.72, 0.72, 0.72]
		},
		"thirdperson_lefthand": {
			"translation": [0, 2.75, 1.5],
			"scale": [0.72, 0.72, 0.72]
		},
		"firstperson_righthand": {
			"rotation": [-102.72, -59.3, -110.87],
			"translation": [3.25, 4, 0],
			"scale": [0.71, 0.71, 0.71]
		},
		"firstperson_lefthand": {
			"rotation": [7.5, -22.72, -18.62],
			"translation": [3.25, 4, 0],
			"scale": [0.71, 0.71, 0.71]
		}
	}
}