{
	"format_version": "1.21.6",
	"credit": "Made with Blockbench",
	"textures": {
		"2": "item/golden_carrot_hand"
	},
	"elements": [
		{
			"from": [6.5, 5, 6.5],
			"to": [9.5, 9, 9.5],
			"shade": false,
			"light_emission": 15,
			"rotation": {"angle": 0, "axis": "y", "origin": [8.0375, 6.1, 8]},
			"faces": {
				"north": {"uv": [0, 0, 3, 4], "texture": "#2"},
				"east": {"uv": [3, 0, 0, 4], "texture": "#2"},
				"south": {"uv": [0, 0, 3, 4], "texture": "#2"},
				"west": {"uv": [3, 0, 0, 4], "texture": "#2"},
				"up": {"uv": [6, 8, 3, 5], "texture": "#2"},
				"down": {"uv": [11, 3, 8, 6], "texture": "#2"}
			}
		},
		{
			"from": [7.52184, 10.23736, 6.5],
			"to": [7.52184, 13.23736, 9.5],
			"shade": false,
			"light_emission": 15,
			"rotation": {"angle": 45, "axis": "z", "origin": [7.51732, 10.22388, 8]},
			"faces": {
				"north": {"uv": [0, 0, 0, 5], "texture": "#2"},
				"east": {"uv": [6, 0, 3, 3], "texture": "#2"},
				"south": {"uv": [0, 0, 0, 5], "texture": "#2"},
				"west": {"uv": [3, 0, 6, 3], "texture": "#2"},
				"up": {"uv": [0, 3, 0, 0], "texture": "#2"},
				"down": {"uv": [0, 3, 0, 0], "texture": "#2"}
			}
		},
		{
			"from": [6.93542, 8.12251, 6.5],
			"to": [6.93542, 10.12251, 9.5],
			"shade": false,
			"light_emission": 15,
			"rotation": {"angle": -22.5, "axis": "z", "origin": [8.0375, 6.1, 8]},
			"faces": {
				"north": {"uv": [0, 0, 0, 5], "texture": "#2"},
				"east": {"uv": [3, 3, 6, 5], "texture": "#2"},
				"south": {"uv": [0, 0, 0, 5], "texture": "#2"},
				"west": {"uv": [3, 3, 6, 5], "texture": "#2"},
				"up": {"uv": [0, 3, 0, 0], "texture": "#2"},
				"down": {"uv": [0, 3, 0, 0], "texture": "#2"}
			}
		},
		{
			"from": [9.13958, 8.12251, 6.5],
			"to": [9.13958, 10.12251, 9.5],
			"shade": false,
			"light_emission": 15,
			"rotation": {"angle": 22.5, "axis": "z", "origin": [8.0375, 6.1, 8]},
			"faces": {
				"north": {"uv": [0, 0, 0, 5], "texture": "#2"},
				"east": {"uv": [6, 3, 3, 5], "texture": "#2"},
				"south": {"uv": [0, 0, 0, 5], "texture": "#2"},
				"west": {"uv": [3, 3, 6, 5], "texture": "#2"},
				"up": {"uv": [0, 3, 0, 0], "texture": "#2"},
				"down": {"uv": [0, 3, 0, 0], "texture": "#2"}
			}
		},
		{
			"from": [8.55125, 10.24692, 6.5],
			"to": [8.55125, 13.24692, 9.5],
			"shade": false,
			"light_emission": 15,
			"rotation": {"angle": -45, "axis": "z", "origin": [8.53268, 10.22388, 8]},
			"faces": {
				"north": {"uv": [0, 0, 0, 5], "texture": "#2"},
				"east": {"uv": [3, 0, 6, 3], "texture": "#2"},
				"south": {"uv": [0, 0, 0, 5], "texture": "#2"},
				"west": {"uv": [3, 0, 6, 3], "texture": "#2"},
				"up": {"uv": [0, 3, 0, 0], "texture": "#2"},
				"down": {"uv": [0, 3, 0, 0], "texture": "#2"}
			}
		}
	],
	"display": {
		"thirdperson_righthand": {
			"rotation": [-90, 0, 0],
			"translation": [0, 1, -0.5],
			"scale": [0.72, 0.72, 0.72]
		},
		"thirdperson_lefthand": {
			"rotation": [-90, 0, 0],
			"translation": [0, 1, -0.5],
			"scale": [0.72, 0.72, 0.72]
		},
		"firstperson_righthand": {
			"rotation": [-96.4, -24.94, -84.32],
			"translation": [0.5, 7, 1],
			"scale": [0.71, 0.62, 0.71]
		},
		"firstperson_lefthand": {
			"rotation": [-96.4, -24.94, -84.32],
			"translation": [0.5, 7, 1],
			"scale": [0.71, 0.62, 0.71]
		}
	}
}